日付,終値,始値,高値,安値,出来高,変化率 %
2026/6/30,300,305.5,305.6,296.1,28.85M,-0.63%
2026/6/29,301.9,303.2,304.2,299.3,31.68M,0.63%
2026/6/26,300,300,301.2,290.8,44.20M,-0.66%
2026/6/25,302,302.1,307.4,296.8,55.22M,0.33%
2026/6/24,301,307.3,309.9,301,45.16M,-1.34%
2026/6/23,305.1,321.7,321.7,303.7,45.59M,-3.84%
2026/6/22,317.3,324,328.7,315.7,33.58M,-3.20%
2026/6/19,327.8,343,344,327.8,40.16M,-4.43%
2026/6/18,343,343.3,346.3,336.4,31.24M,-1.94%
2026/6/17,349.8,353,354.5,344.4,31.25M,-0.88%
2026/6/16,352.9,361,361.3,349,29.72M,-1.12%
2026/6/15,356.9,347.3,359.5,345.4,37.42M,5.84%
2026/6/12,337.2,335.5,341.5,333.1,32.11M,2.55%
2026/6/11,328.8,321,329.7,317,42.43M,0.74%
2026/6/10,326.4,336.5,336.7,322.4,34.73M,-3.00%
2026/6/9,336.5,346,349.7,335.9,25.77M,-1.55%
2026/6/8,341.8,343.7,346.9,338.5,32.58M,-1.73%
2026/6/5,347.8,353.3,356.4,346.3,28.03M,-1.61%
2026/6/4,353.5,360,361.1,350.5,33.43M,-1.12%
2026/6/3,357.5,358,369.6,356.2,28.38M,-2.22%
2026/6/2,365.6,368.1,369.3,360.7,31.92M,-2.61%
2026/6/1,375.4,395,398.8,366.9,41.67M,-5.39%
2026/5/29,396.8,399,417.3,396.8,66.72M,-0.55%
2026/5/28,399,393,400,382.3,37.08M,2.44%
2026/5/27,389.5,379.3,389.9,378.1,32.56M,2.55%
2026/5/26,379.8,373.9,386.3,371,29.48M,1.52%
2026/5/25,374.1,370.1,377.1,365.6,26.80M,3.23%
2026/5/22,362.4,364.6,369.5,358.6,22.30M,0.39%
2026/5/21,361,358.5,366.6,358,21.67M,1.23%
2026/5/20,356.6,358.7,363.7,350.7,25.62M,-0.14%
2026/5/19,357.1,360.9,363.1,352.9,20.44M,0.39%
2026/5/18,355.7,375,375.8,354.5,37.08M,-5.15%
2026/5/15,375,373.2,384,365.9,57.15M,2.54%
2026/5/14,365.7,372.4,379.6,358,67.06M,0.36%
2026/5/13,364.4,353.4,366.2,349.8,30.65M,4.26%
2026/5/12,349.5,343.1,353,342.6,22.22M,-0.20%
2026/5/11,350.2,344.1,350.7,340.1,23.66M,1.30%
2026/5/8,345.7,350.3,357.1,343.8,32.09M,-1.73%
2026/5/7,351.8,358.7,359.7,348,28.14M,0.31%
2026/5/1,350.7,352.1,353,347.9,23.52M,-1.49%
2026/4/30,356,363.1,365.7,351.9,29.74M,-1.79%
2026/4/28,362.5,365,373.7,360.2,47.56M,3.28%
2026/4/27,351,350.2,352.8,346.4,22.93M,-0.54%
2026/4/24,352.9,354.8,358.6,352.1,28.60M,-1.62%
2026/4/23,358.7,366.9,371.6,358.7,19.97M,-2.23%
2026/4/22,366.9,366,368.4,362.4,15.61M,-0.84%
2026/4/21,370,376,377,370,18.89M,-2.48%
2026/4/20,379.4,375.2,379.6,373,28.99M,3.95%
2026/4/17,365,370.4,372.9,365,24.55M,-1.30%
2026/4/16,369.8,368,375.2,365.1,30.87M,2.13%
2026/4/15,362.1,359.2,363.4,355,31.17M,2.93%
2026/4/14,351.8,350.7,353.8,348.1,19.82M,1.44%
2026/4/13,346.8,347.8,350.7,345.6,18.63M,-2.53%
2026/4/10,355.8,356,359.2,351,14.26M,-0.14%
2026/4/9,356.3,363,363,350.6,25.66M,-1.98%
2026/4/8,363.5,355.3,369.4,351.4,34.86M,4.04%
2026/4/7,349.4,347.3,351.6,346.8,18.73M,-0.82%
2026/4/6,352.3,356,356.5,351.8,12.54M,-0.84%
2026/4/3,355.3,346.4,356.4,345.5,19.19M,2.75%
2026/4/2,345.8,352,358.5,344.8,28.94M,-0.09%
2026/4/1,346.1,345,346.3,339.6,22.78M,3.93%
2026/3/31,333,333,341.6,330.6,25.80M,-0.77%
2026/3/30,335.6,331.4,338.6,331,36.37M,-3.76%
2026/3/27,348.7,346,352.5,344.1,25.48M,-0.94%
2026/3/26,352,353,357.7,349.4,26.31M,1.03%
2026/3/25,348.4,350,353.4,345,24.04M,2.47%
2026/3/24,340,345,345.3,335,32.23M,2.63%
2026/3/23,331.3,334.2,336,329.2,40.83M,-5.02%
2026/3/19,348.8,356,357.2,347.9,36.20M,-3.75%
2026/3/18,362.4,359.6,363,357.2,17.57M,1.51%
2026/3/17,357,359,363.4,357,25.12M,1.19%
2026/3/16,352.8,357,358.3,347.6,29.57M,-3.24%
2026/3/13,364.6,369.9,370,360.4,39.14M,-4.40%
2026/3/12,381.4,382.7,394.7,373.5,37.04M,1.25%
2026/3/11,376.7,380.1,386.8,373.8,29.48M,-1.13%
2026/3/10,381,377.7,385.2,373.3,32.36M,2.81%
2026/3/9,370.6,370,379.8,359.3,38.16M,-3.99%
2026/3/6,386,375.1,387,374,29.75M,3.35%
2026/3/5,373.5,381.4,384.8,373.5,28.09M,0.00%
2026/3/4,373.5,373.9,384.6,370.1,41.02M,-4.16%
2026/3/3,389.7,419.1,420.8,389.7,38.56M,-7.54%
2026/3/2,421.5,415.7,422.7,412.8,25.01M,-2.70%
2026/2/27,433.2,421.8,433.2,418.4,26.61M,1.64%
2026/2/26,426.2,426.2,434.7,425.1,19.82M,-1.09%
2026/2/25,430.9,436.9,437.5,430.7,19.95M,-1.22%
2026/2/24,436.2,439.7,444.1,435.6,26.48M,-1.98%
2026/2/20,445,441.3,450.5,435.5,29.71M,-1.16%
2026/2/19,450.2,454.7,455,441.1,30.85M,-1.92%
2026/2/18,459,456.6,460.5,448.8,25.28M,-1.03%
2026/2/17,463.8,441,466,440.9,49.26M,6.04%
2026/2/16,437.4,449,449.8,435,25.77M,-2.15%
2026/2/13,447,425.9,454.4,419.7,86.04M,8.76%
2026/2/12,411,409.1,413.7,406.6,25.66M,0.46%
2026/2/10,409.1,402.7,412.7,400.5,23.79M,1.49%
2026/2/9,403.1,424.7,424.8,400.2,29.21M,-3.24%
2026/2/6,416.6,396.7,416.8,395,44.52M,4.91%
2026/2/5,397.1,399,404.1,393.6,23.80M,0.89%
2026/2/4,393.6,386.5,395.6,385.5,25.79M,1.89%
2026/2/3,386.3,384,386.4,379.2,20.17M,2.20%
2026/2/2,378,383.2,385.8,375.3,24.48M,0.19%
2026/1/30,377.3,367,378.3,365.5,26.50M,3.20%
2026/1/29,365.6,358.8,367,352.5,30.14M,1.19%
2026/1/28,361.3,369.9,373,361.3,32.97M,-4.11%
2026/1/27,376.8,382.2,382.4,373.7,27.50M,-1.77%
2026/1/26,383.6,384.9,392.5,381.2,32.41M,-4.17%
2026/1/23,400.3,405.5,407.6,397,26.03M,-2.13%
2026/1/22,409,411,416.2,409,18.74M,0.71%
2026/1/21,406.1,400.8,407.1,397,19.09M,-0.83%
2026/1/20,409.5,412.5,414.9,408.9,19.27M,-1.66%
2026/1/19,416.4,422,422,407.7,19.41M,-2.53%
2026/1/16,427.2,415.8,429.2,413.8,26.47M,1.59%
2026/1/15,420.5,425.5,425.8,409.7,27.08M,-1.22%
2026/1/14,425.7,420,426.8,414.8,26.27M,2.53%
2026/1/13,415.2,414.8,418.2,407.1,26.70M,1.76%
2026/1/9,408,400.9,409.2,400.8,22.32M,2.46%
2026/1/8,398.2,401,405.4,397.4,22.33M,0.96%
2026/1/7,394.4,400,402.8,394.4,20.62M,-2.28%
2026/1/6,403.6,407,417.8,400.7,40.25M,2.78%
2026/1/5,392.7,398,399,389.1,22.75M,0.67%
2025/12/30,390.1,390.8,394.4,386.4,16.88M,0.98%
2025/12/29,386.3,383.3,388,380.1,15.62M,1.15%
2025/12/26,381.9,385,386.6,380,18.45M,-0.47%
2025/12/25,383.7,390.5,393.9,383.7,18.40M,-1.82%
2025/12/24,390.8,393.1,396.7,390.8,16.23M,-1.01%
2025/12/23,394.8,400,400.9,392.7,17.29M,-1.55%
2025/12/22,401,402,405,397.4,19.27M,0.75%
2025/12/19,398,400,402.5,395.1,23.24M,0.43%
2025/12/18,396.3,404,405.9,391.9,20.95M,-1.76%
2025/12/17,403.4,402,403.5,392.1,17.19M,-0.35%
2025/12/16,404.8,408.9,412.7,402.9,20.57M,-1.60%
2025/12/15,411.4,401.2,414.7,401.2,33.46M,2.62%
2025/12/12,400.9,397.6,404.2,396.2,38.22M,2.56%
2025/12/11,390.9,394.9,398.2,386.8,27.41M,0.64%
2025/12/10,388.4,387.3,399.6,385.8,37.55M,-1.40%
2025/12/9,393.9,379.5,394,379,42.60M,3.12%
2025/12/8,382,375.8,383,372.5,41.09M,3.08%
2025/12/5,370.6,372.5,377.8,366,34.03M,-1.91%
2025/12/4,377.8,362,377.8,361.4,31.30M,4.25%
2025/12/3,362.4,369,374.8,362.1,20.24M,-1.89%
2025/12/2,369.4,371.1,375.2,369.4,16.09M,-1.49%
2025/12/1,375,381.3,383,374.2,19.03M,-2.39%
2025/11/28,384.2,380.8,388.5,379.3,29.84M,1.32%
2025/11/27,379.2,379,382.8,374.3,22.91M,-0.76%
2025/11/26,382.1,371.9,382.5,367.2,36.52M,3.83%
2025/11/25,368,369.5,374.4,365.5,26.48M,1.24%
2025/11/21,363.5,353,364.7,352.3,42.65M,1.93%
2025/11/20,356.6,357.3,358.6,351.3,18.15M,1.68%
2025/11/19,350.7,352,356,346.7,26.93M,-0.17%
2025/11/18,351.3,362.5,366.5,351.3,31.12M,-3.78%
2025/11/17,365.1,375,377.9,360.6,40.45M,-4.87%
2025/11/14,383.8,370.3,386.2,369.6,40.37M,2.57%
2025/11/13,374.2,366.6,375.3,365,34.68M,2.83%
2025/11/12,363.9,364,369.8,361,22.16M,0.36%
2025/11/11,362.6,357.5,362.6,354.7,22.08M,1.03%
2025/11/10,358.9,358,360.6,347.7,33.37M,2.11%
2025/11/7,351.5,349.2,363.5,345.8,50.61M,4.33%
2025/11/6,336.9,346.1,356.1,336.9,45.69M,-1.66%
2025/11/5,342.6,352.8,353.3,339.5,39.46M,-2.75%
2025/11/4,352.3,360,360.5,352.3,33.93M,-0.34%
2025/10/31,353.5,361.3,362.8,339.4,64.36M,-4.12%
2025/10/30,368.7,366.5,373,364.3,64.55M,0.27%
2025/10/29,367.7,375,375.7,367.5,17.34M,-1.92%
2025/10/28,374.9,383.7,383.8,373.3,22.37M,-3.03%
2025/10/27,386.6,382,387.5,381,26.42M,2.87%
2025/10/24,375.8,378,379,372.5,17.29M,-0.48%
2025/10/23,377.6,373.8,377.7,370.8,17.67M,-0.03%
2025/10/22,377.7,370.1,380.6,369.4,41.32M,3.39%
2025/10/21,365.3,373.3,376,363.5,20.37M,-0.03%
2025/10/20,365.4,356.2,366.5,355.5,29.69M,3.90%
2025/10/17,351.7,351.3,354.5,348.5,22.25M,-0.37%
2025/10/16,353,353,356.2,351.3,24.33M,1.79%
2025/10/15,346.8,349.4,351.5,343.3,22.77M,0.43%
2025/10/14,345.3,349.5,358.2,343.1,37.51M,-3.57%
2025/10/10,358.1,367,368,356.8,25.35M,-3.76%
2025/10/9,372.1,372,373.8,366.4,24.62M,-0.83%
2025/10/8,375.2,384.5,385.5,374.8,30.83M,-2.44%
2025/10/7,384.6,375,393,375,47.56M,3.17%
2025/10/6,372.8,372.1,380.7,369.8,47.74M,3.70%
2025/10/3,359.5,351,360.3,350.6,22.79M,3.48%
2025/10/2,347.4,352.2,353.5,345.7,25.25M,-2.20%
2025/10/1,355.2,362.1,363,354.8,22.19M,-2.36%
2025/9/30,363.8,363,365,361,21.44M,0.78%
2025/9/29,361,372.8,374.7,360.4,23.92M,-2.75%
2025/9/26,371.2,376.3,378.9,364.8,37.38M,-2.80%
2025/9/25,381.9,373.3,381.9,370,35.42M,2.36%
2025/9/24,373.1,372.6,378.3,371,35.94M,0.95%
2025/9/22,369.6,363.2,375.3,362.5,28.47M,0.76%
2025/9/19,366.8,362.9,371,358,40.39M,0.85%
2025/9/18,363.7,365.9,373.8,363,30.06M,-1.41%
2025/9/17,368.9,362.1,370.6,360.8,29.17M,1.63%
2025/9/16,363,366.1,369,360.4,31.35M,-0.41%
2025/9/12,364.5,360.7,370.2,359.6,37.50M,1.62%
2025/9/11,358.7,351,358.7,350.2,24.54M,1.07%
2025/9/10,354.9,357.8,362.5,353.5,27.79M,-0.59%
2025/9/9,357,355,361.2,352.5,32.34M,1.08%
2025/9/8,353.2,346.9,357.9,344.7,35.32M,2.38%
2025/9/5,345,350,355.3,338.7,40.65M,2.31%
2025/9/4,337.2,338.9,343,337.2,26.67M,-1.40%
2025/9/3,342,340,343,339.6,24.84M,1.39%
2025/9/2,337.3,333.8,337.3,331.9,28.53M,0.54%
2025/9/1,335.5,333,339,330.2,25.41M,0.93%
2025/8/29,332.4,338.9,340.5,332.2,37.15M,-1.10%
2025/8/28,336.1,342.1,343.5,335.5,27.93M,-1.32%
2025/8/27,340.6,340.6,341.6,333,30.55M,0.09%
2025/8/26,340.3,342.2,343.3,338.5,76.19M,-6.25%
2025/8/25,363,358.7,365.7,358.3,31.45M,3.15%
2025/8/22,351.9,357.1,360.6,349.6,19.12M,-0.90%
2025/8/21,355.1,354.2,363,351.2,38.99M,1.46%
2025/8/20,350,353.4,356.7,346.1,26.58M,-0.62%
2025/8/19,352.2,347,354.9,346.6,28.73M,1.44%
2025/8/18,347.2,337,347.4,337,32.68M,3.03%
2025/8/15,337,330,337,329.5,25.44M,3.28%
2025/8/14,326.3,330.4,333.4,326.3,24.14M,-1.89%
2025/8/13,332.6,338.3,341.9,332,31.99M,-1.16%
2025/8/12,336.5,330,336.5,329,24.53M,1.20%
2025/8/8,332.5,323.6,335,323.6,37.31M,2.75%
2025/8/7,323.6,328.7,329.7,322.5,26.82M,-2.03%
2025/8/6,330.3,330,335.3,329.2,28.47M,0.76%
2025/8/5,327.8,326,329.9,321.3,22.17M,0.28%
2025/8/4,326.9,321.5,326.9,320.1,28.71M,-1.39%
2025/8/1,331.5,327,335,326.3,41.42M,3.08%
2025/7/31,321.6,328,331.6,318.8,60.02M,1.74%
2025/7/30,316.1,317,320.1,313.6,30.12M,-1.25%
2025/7/29,320.1,326.1,327.3,318.8,31.70M,-3.09%
2025/7/28,330.3,325.2,331,324.3,28.21M,1.63%
2025/7/25,325,330,331,322.7,42.24M,-2.84%
2025/7/24,334.5,332.6,342.3,329.4,65.58M,1.55%
2025/7/23,329.4,320,334.8,317,143.58M,8.28%
2025/7/22,304.2,305,313,302.6,26.51M,-0.36%
2025/7/18,305.3,309.2,310,305.1,23.38M,-1.26%
2025/7/17,309.2,309.8,310,304.1,40.21M,-1.21%
2025/7/16,313,315,320.4,311,36.46M,-1.32%
2025/7/15,317.2,319.8,321.5,309.5,50.74M,-0.53%
2025/7/14,318.9,312,321.8,310.5,67.99M,3.61%
2025/7/11,307.8,306.4,312,303,53.78M,1.58%
2025/7/10,303,307.7,307.9,299,78.42M,-0.82%
2025/7/9,305.5,317.4,318.1,302.9,176.30M,-3.17%
2025/7/8,315.5,330.7,336.7,315.5,86.79M,-6.35%
2025/7/7,336.9,360,362,335.8,64.92M,-4.91%
2025/7/4,354.3,361.1,362.3,351.8,17.79M,-2.15%
2025/7/3,362.1,344.3,367.4,342.2,44.08M,5.69%
2025/7/2,342.6,341,343.8,337.1,17.74M,0.23%
2025/7/1,341.8,346.5,349.6,339.6,21.25M,-2.40%
2025/6/30,350.2,355,363.8,348.7,29.76M,-0.43%
2025/6/27,351.7,346.5,361,344.7,60.82M,3.11%
2025/6/26,341.1,335.3,341.1,334.9,14.69M,1.04%
2025/6/25,337.6,339.8,339.9,331.8,20.22M,0.33%
2025/6/24,336.5,348.3,349.4,335.6,20.44M,-2.55%
2025/6/23,345.3,345,345.9,338.6,13.46M,-0.46%
2025/6/20,346.9,351,353.9,345.9,30.67M,-1.42%
2025/6/19,351.9,360.3,363.6,351.6,22.82M,-2.39%
2025/6/18,360.5,353,360.9,352,16.94M,1.75%
2025/6/17,354.3,358.7,361.1,353.1,14.47M,-1.17%
2025/6/16,358.5,362,364.9,357.7,17.21M,-0.17%
2025/6/13,359.1,359.6,361.5,356.2,17.77M,-1.26%
2025/6/12,363.7,360.5,364.8,357.9,13.96M,-0.22%
2025/6/11,364.5,359.5,367,356.4,23.01M,3.40%
2025/6/10,352.5,355.6,355.7,350.4,17.07M,-0.68%
2025/6/9,354.9,364,364,354,15.26M,-1.28%
2025/6/6,359.5,353.5,361.5,353.1,17.78M,1.27%
2025/6/5,355,357,364.2,354.2,23.21M,-2.26%
2025/6/4,363.2,371.1,371.2,362.2,17.47M,-1.04%
2025/6/3,367,365,369.8,361.5,17.16M,0.08%
2025/6/2,366.7,369.9,371.8,366,21.09M,-0.60%
2025/5/30,368.9,370,374.3,368.2,30.90M,-3.12%
2025/5/29,380.8,365,382.4,362.7,39.61M,5.95%
2025/5/28,359.4,363,377,359.4,38.08M,-0.33%
2025/5/27,360.6,352.2,360.7,349.2,17.79M,2.07%
2025/5/26,353.3,356,358.5,352,12.43M,-0.25%
2025/5/23,354.2,353.6,363.3,352,18.40M,-0.06%
2025/5/22,354.4,355,360.3,353.6,16.25M,-2.80%
2025/5/21,364.6,365.4,367,359.8,23.71M,1.45%
2025/5/20,359.4,362.5,368.7,357.2,19.56M,-0.44%
2025/5/19,361,357.4,368.9,356.3,28.39M,1.09%
2025/5/16,357.1,340.8,357.6,340.6,40.34M,4.84%
2025/5/15,340.6,346.3,346.8,339.5,20.79M,-3.87%
2025/5/14,354.3,355.5,355.6,344.5,32.55M,-0.70%
2025/5/13,356.8,364,367,355.5,31.49M,3.00%
2025/5/12,346.4,345.5,347.5,342.1,20.24M,0.70%
2025/5/9,344,341,344.6,338.8,20.78M,2.38%
2025/5/8,336,337.4,337.4,333.4,18.65M,-0.62%
2025/5/7,338.1,345,345.4,335.1,23.95M,-2.40%
2025/5/2,346.4,348.9,349.9,343.9,23.94M,0.64%
2025/5/1,344.2,341.5,346.4,340.4,22.82M,0.79%
2025/4/30,341.5,346.1,348.9,336,31.85M,-0.38%
2025/4/28,342.8,338,348.3,336.4,41.77M,2.33%
2025/4/25,335,331,341.3,329.1,61.73M,1.61%
2025/4/24,329.7,334.4,346.8,329.4,38.36M,0.58%
2025/4/23,327.8,326,328.6,320.6,30.16M,4.36%
2025/4/22,314.1,314,317.1,312.2,15.86M,0.06%
2025/4/21,313.9,318,319.6,312.2,17.71M,-2.21%
2025/4/18,321,318.6,322.2,317.4,20.05M,1.71%
2025/4/17,315.6,311.6,318.2,311.5,18.61M,-0.16%
2025/4/16,316.1,320,322,312.1,22.84M,-0.66%
2025/4/15,318.2,325.5,328.6,318.2,39.46M,1.37%
2025/4/14,313.9,320,321.9,310.8,28.43M,-1.41%
2025/4/11,318.4,320,321,309.4,42.42M,-6.27%
2025/4/10,339.7,350,350,332.7,39.85M,9.05%
2025/4/9,311.5,320,321.3,308.3,39.00M,-6.99%
2025/4/8,334.9,321.1,343.5,321.1,44.60M,8.17%
2025/4/7,309.6,312,325.7,306.1,50.01M,-9.34%
2025/4/4,341.5,355,357.3,333.6,48.46M,-5.51%
2025/4/3,361.4,351.2,365.5,350.4,36.46M,-3.68%
2025/4/2,375.2,374,378.5,360.3,27.78M,0.24%
2025/4/1,374.3,384,387,374.3,23.73M,-1.16%
2025/3/31,378.7,385.5,386.1,374.9,34.02M,-4.03%
2025/3/28,394.6,402,405.5,393.8,32.83M,-3.90%
2025/3/27,410.6,405,411.2,401.3,39.56M,-1.68%
2025/3/26,417.6,419.5,421.5,414.5,16.67M,-0.36%
2025/3/25,419.1,420,421.8,415.2,18.28M,1.13%
2025/3/24,414.4,421,421.8,414.3,27.78M,-2.03%
2025/3/21,423,426.2,432.7,420.7,33.19M,-1.40%
2025/3/19,429,438.1,442.2,428.6,24.66M,-2.41%
2025/3/18,439.6,435.9,445,435.3,23.64M,1.57%
2025/3/17,432.8,431.1,434.5,427.5,20.47M,0.23%
2025/3/14,431.8,420.5,432.4,420.5,24.50M,1.72%
2025/3/13,424.5,441.7,445.6,424.5,41.54M,-3.92%
2025/3/12,441.8,440,447.3,432.5,56.78M,0.61%
2025/3/11,439.1,429,441.4,428.8,31.88M,1.39%
2025/3/10,433.1,445.1,449.5,432.1,22.13M,-1.46%
2025/3/7,439.5,425.2,444.8,424.3,33.16M,1.76%
2025/3/6,431.9,440,445.4,431.7,28.62M,1.10%
2025/3/5,427.2,423.4,437.9,420.8,31.94M,1.62%
2025/3/4,420.4,426,429.6,415.8,35.93M,-2.41%
2025/3/3,430.8,432,435.4,425.9,21.47M,0.16%
2025/2/28,430.1,438.3,444.9,425.5,38.50M,-3.52%
2025/2/27,445.8,425,451.4,418,96.59M,3.65%
2025/2/26,430.1,430,435.5,421.1,37.52M,1.92%
2025/2/25,422,426.8,429.9,412.9,72.58M,-8.02%
2025/2/21,458.8,417.5,473,415.5,159.96M,9.47%
2025/2/20,419.1,418.3,425.4,412.1,39.74M,-2.83%
2025/2/19,431.3,437.1,445.8,430.3,31.38M,-1.87%
2025/2/18,439.5,426,448.7,419.8,75.15M,3.66%
2025/2/17,424,422.2,429.8,413.1,34.95M,-0.40%
2025/2/14,425.7,419,449.8,418,99.23M,2.55%
2025/2/13,415.1,423,428.4,409.6,60.57M,-0.34%
2025/2/12,416.5,435.2,442.4,403.2,112.80M,-5.88%
2025/2/10,442.5,445,445.8,431,55.79M,-0.76%
2025/2/7,445.9,413.8,455.7,408,155.93M,7.42%
2025/2/6,415.1,394.9,420.6,390.3,156.42M,7.29%
2025/2/5,386.9,402,436.8,380.8,101.60M,-4.87%
2025/2/4,406.7,408.7,418.7,404.6,33.02M,0.74%
2025/2/3,403.7,398,412.8,383.6,53.41M,-5.63%
2025/1/31,427.8,420,428.4,416.8,30.46M,1.42%
2025/1/30,421.8,427,433.6,420.4,32.29M,1.42%
2025/1/29,415.9,416,418.4,412.6,17.80M,-0.02%
2025/1/28,416,420,421.2,413.3,23.20M,-1.56%
2025/1/27,422.6,426,430.2,421,22.29M,0.26%
2025/1/24,421.5,429,430.4,414,46.64M,-2.45%
2025/1/23,432.1,425,433.2,421.8,26.48M,0.93%
2025/1/22,428.1,429.7,437.8,426.5,29.77M,0.05%
2025/1/21,427.9,428.6,437.8,417.7,44.63M,1.23%
2025/1/20,422.7,427,437.4,421.3,32.94M,-0.49%
2025/1/17,424.8,414.7,434.6,414,59.53M,1.14%
2025/1/16,420,433.6,435.1,417.5,49.30M,-4.42%
2025/1/15,439.4,439,442.4,430.2,38.20M,-0.11%
2025/1/14,439.9,448.9,451,435.3,41.91M,-2.98%
2025/1/10,453.4,445,456.7,443.2,42.64M,0.67%
2025/1/9,450.4,464,465.3,443,71.77M,-3.64%
2025/1/8,467.4,474.3,476.8,463.7,50.45M,-2.54%
2025/1/7,479.6,475.2,487.7,473,60.49M,0.93%
2025/1/6,475.2,465.6,475.2,457.7,93.84M,-1.00%
2024/12/30,480,508,511,475,152.22M,-5.73%
2024/12/27,509.2,553,553.7,470,400.86M,-7.82%
2024/12/26,552.4,516.1,552.4,515,238.30M,6.58%
2024/12/25,518.3,469,522,463.5,270.89M,8.66%
2024/12/24,477,450,485.6,417,252.99M,6.00%
2024/12/23,450,435,452,431.4,102.82M,1.58%
2024/12/20,443,444.9,453.5,433.4,153.26M,-0.40%
2024/12/19,444.8,431,447.5,403.3,327.23M,6.51%
2024/12/18,417.6,417.6,417.6,390,225.96M,23.70%
2024/12/17,337.6,350.4,351.4,337.6,50.36M,-3.93%
2024/12/16,351.4,355.5,357.9,351.4,20.64M,-1.21%
2024/12/13,355.7,355,358.9,354,24.25M,-0.36%
2024/12/12,357,364.4,365.2,355.1,33.95M,-2.16%
2024/12/11,364.9,366.6,369,363.1,24.66M,-0.30%
2024/12/10,366,372.9,375.8,366,31.72M,-0.38%
2024/12/9,367.4,369.2,372.5,366,26.31M,-0.03%
2024/12/6,367.5,363.9,369.6,362.6,53.31M,2.65%
2024/12/5,358,354.3,360.4,352.3,40.75M,2.26%
2024/12/4,350.1,362.4,363.7,350.1,47.15M,-3.61%
2024/12/3,363.2,362,370.4,361.5,44.83M,0.78%
2024/12/2,360.4,358.1,362.6,357.1,42.70M,0.42%
2024/11/29,358.9,370,372.9,357,84.62M,-4.01%
2024/11/28,373.9,372,378.7,369.8,50.49M,0.11%
2024/11/27,373.5,380,381.4,370.3,57.23M,-4.74%
2024/11/26,392.1,405,408.5,387.1,90.83M,-3.64%
2024/11/25,406.9,408.8,410.8,405.4,35.86M,0.15%
2024/11/22,406.3,410,413,406.2,25.70M,-1.38%
2024/11/21,412,415.8,419.2,409.4,27.11M,-1.76%
2024/11/20,419.4,423.5,427.6,415.7,27.27M,-2.17%
2024/11/19,428.7,430.7,437.5,423.9,35.98M,-0.14%
2024/11/18,429.3,425,430.7,421.6,34.76M,0.19%
2024/11/15,428.5,425,437.8,418.2,93.29M,4.46%
2024/11/14,410.2,417,419.6,404.3,45.70M,-0.92%
2024/11/13,414,408,434,407.9,113.96M,-0.43%
2024/11/12,415.8,370.5,444.6,367,270.65M,12.81%
2024/11/11,368.6,380,380.4,365.8,104.38M,-4.31%
2024/11/8,385.2,370,387.5,368.5,137.44M,-6.05%
2024/11/7,410,404.2,414.3,403.9,49.47M,2.19%
2024/11/6,401.2,410,419,401.2,51.53M,-2.12%
2024/11/5,409.9,404.6,411.5,404,30.92M,1.91%
2024/11/1,402.2,402,407.7,400.4,32.33M,-2.19%
2024/10/31,411.2,410,413.8,408.1,25.94M,0.46%
2024/10/30,409.3,409,413.1,408.3,27.51M,-0.46%
2024/10/29,411.2,411.8,414.4,408.2,21.18M,0.34%
2024/10/28,409.8,398.6,411.6,395.8,40.19M,3.51%
2024/10/25,395.9,397.5,399.8,393.4,22.25M,-0.33%
2024/10/24,397.2,398,400.8,393.2,28.54M,-1.56%
2024/10/23,403.5,399,408.6,397.4,38.70M,1.56%
2024/10/22,397.3,398.8,402.6,395.8,28.98M,-0.45%
2024/10/21,399.1,398,404.6,396,29.57M,0.91%
2024/10/18,395.5,400.7,403.1,394.2,20.20M,-0.45%
2024/10/17,397.3,396.9,401.9,395.8,27.12M,1.25%
2024/10/16,392.4,394,398.5,390.5,31.07M,-0.91%
2024/10/15,396,400.2,402.5,395.8,24.83M,-0.08%
2024/10/11,396.3,401.9,403.8,396.1,24.13M,-0.88%
2024/10/10,399.8,400.4,403.3,398.6,25.21M,1.19%
2024/10/9,395.1,401,403.9,393.3,40.67M,-1.18%
2024/10/8,399.8,414,414.3,399.1,62.32M,-5.01%
2024/10/7,420.9,421.6,423.7,417.9,32.05M,1.59%
2024/10/4,414.3,419.7,420.6,411.9,22.49M,-0.70%
2024/10/3,417.2,417,419.9,414.8,29.48M,2.15%
2024/10/2,408.4,405.6,412.7,404.3,24.86M,-0.32%
2024/10/1,409.7,406.5,409.9,402.3,33.37M,1.79%
2024/9/30,402.5,404.1,410,402.1,60.48M,-5.98%
2024/9/27,428.1,423,430,412.6,59.43M,3.53%
2024/9/26,413.5,408,413.5,403.4,42.72M,0.61%
2024/9/25,411,401.1,414.7,401.1,37.74M,1.86%
2024/9/24,403.5,408.7,411.5,401.4,30.18M,-0.59%
2024/9/20,405.9,410.1,411.9,405.5,36.33M,0.95%
2024/9/19,402.1,405.8,407.5,400.3,45.01M,3.16%
2024/9/18,389.8,384.9,390.5,383,32.82M,1.86%
2024/9/17,382.7,390.2,391.8,378.2,39.23M,-2.07%
2024/9/13,390.8,394.1,395.4,390.1,20.00M,-0.79%
2024/9/12,393.9,396.1,398.4,390.4,30.00M,1.49%
2024/9/11,388.1,400,400,384.8,50.05M,-3.58%
2024/9/10,402.5,412,413.2,402.5,24.78M,-1.37%
2024/9/9,408.1,407,409.5,400.2,30.83M,-1.66%
2024/9/6,415,410.8,416.7,410.3,24.27M,-0.29%
2024/9/5,416.2,410,422.7,407.9,29.81M,0.65%
2024/9/4,413.5,420,421.6,411.2,43.03M,-3.75%
2024/9/3,429.6,431.5,434.1,429.1,18.30M,0.42%
2024/9/2,427.8,433.5,435.8,426.1,20.49M,0.54%
2024/8/30,425.5,422.5,427.6,419.5,24.53M,1.26%
2024/8/29,420.2,425,427.1,418.8,32.25M,-1.75%
2024/8/28,427.7,429.3,429.3,423.1,21.91M,-0.65%
2024/8/27,430.5,423.7,432.2,423.7,19.80M,1.80%
2024/8/26,422.9,422.5,424.5,417.6,39.14M,-4.30%
2024/8/23,441.9,440.5,444.3,437,20.43M,0.91%
2024/8/22,437.9,435.8,437.9,432.7,23.01M,-0.79%
2024/8/21,441.4,442,444,437.8,20.38M,-1.43%
2024/8/20,447.8,448,449.2,442,25.62M,2.47%
2024/8/19,437,443,447.9,435.8,24.16M,-1.35%
2024/8/16,443,453.1,453.8,438.8,29.46M,1.65%
2024/8/15,435.8,429.3,438.4,426.7,26.15M,2.35%
2024/8/14,425.8,423.8,427.1,420.4,28.77M,1.91%
2024/8/13,417.8,410.1,417.8,406.1,29.33M,1.85%
2024/8/9,410.2,420.5,420.8,404.2,37.27M,-0.56%
2024/8/8,412.5,417.1,424.2,411.2,39.51M,-2.30%
2024/8/7,422.2,400,433.5,396,53.89M,2.48%
2024/8/6,412,418.1,429.7,405,52.46M,8.97%
2024/8/5,378.1,405,412.7,377.3,76.77M,-14.48%
2024/8/2,442.1,450,454,435.3,64.49M,-6.93%
2024/8/1,475,475,485.8,459.2,79.24M,-2.30%
2024/7/31,486.2,473,490.4,470.5,43.86M,1.69%
2024/7/30,478.1,477.2,486.7,475.6,45.43M,0.34%
2024/7/29,476.5,471,482.9,470.2,54.60M,2.21%
2024/7/26,466.2,481.5,482.3,463.1,102.29M,-3.88%
2024/7/25,485,510,520.5,463.9,103.18M,-6.98%
2024/7/24,521.4,534.7,536.2,521.2,47.62M,-3.37%
2024/7/23,539.6,540.7,545.1,537.2,20.31M,0.86%
2024/7/22,535,539.5,540.3,534.5,23.51M,-0.98%
2024/7/19,540.3,548.4,548.4,538.4,29.87M,-0.86%
2024/7/18,545,551.5,553.1,545,35.80M,-2.29%
2024/7/17,557.8,554.9,564.2,554.7,19.89M,0.76%
2024/7/16,553.6,558.6,559.2,553.5,22.01M,-0.50%
2024/7/12,556.4,551.6,560.7,551.1,22.18M,-0.93%
2024/7/11,561.6,556,562.8,555.9,28.41M,1.94%
2024/7/10,550.9,548.3,553.4,542.2,44.35M,-0.88%
2024/7/9,555.8,560.1,561.4,550,22.76M,-0.84%
2024/7/8,560.5,566.7,567.7,559.9,24.24M,-0.27%
2024/7/5,562,576,576,561.3,23.09M,-2.68%
2024/7/4,577.5,555.6,577.5,555.4,39.23M,4.47%
2024/7/3,552.8,551.3,553.5,547.8,21.33M,0.99%
2024/7/2,547.4,549.7,550.9,547.1,21.67M,-0.91%
2024/7/1,552.4,552,555.8,548.3,22.20M,1.19%
2024/6/28,545.9,547.7,548.5,544,19.61M,-0.15%
2024/6/27,546.7,544.8,547.7,541.1,30.73M,0.83%
2024/6/26,542.2,548,548.2,541.8,21.34M,-0.97%
2024/6/25,547.5,545.5,548.4,542.1,21.03M,1.45%
2024/6/24,539.7,545.6,547.1,539.7,15.61M,-0.61%
2024/6/21,543,543,547.6,541.4,34.60M,-0.11%
2024/6/20,543.6,539,544.9,536.5,22.42M,0.07%
2024/6/19,543.2,536.4,545.7,535.8,26.58M,2.49%
2024/6/18,530,527.6,531.9,525,15.74M,1.96%
2024/6/17,519.8,531,531,518,29.93M,-3.00%
2024/6/14,535.9,533.1,539.1,530.7,19.53M,0.13%
2024/6/13,535.2,545.9,546.2,535.2,20.12M,-1.85%
2024/6/12,545.3,542.8,545.6,539.6,16.10M,-0.02%
2024/6/11,545.4,549.7,551.5,543.6,19.97M,0.06%
2024/6/10,545.1,536,545.8,534.7,21.63M,2.52%
2024/6/7,531.7,531.8,534.3,529.5,17.26M,-0.24%
2024/6/6,533,539.8,541.3,532.3,29.06M,-1.31%
2024/6/5,540.1,550,550.2,537.2,44.76M,-3.00%
2024/6/4,556.8,560.4,563.7,553.6,30.02M,-2.21%
2024/6/3,569.4,562.7,573.3,559.8,32.72M,1.97%
2024/5/31,558.4,550.3,559.5,550.2,27.24M,1.47%
2024/5/30,550.3,550,551.9,544.6,26.65M,-0.72%
2024/5/29,554.3,565,565.7,553.5,16.03M,-1.55%
2024/5/28,563,559,564.3,556.5,14.46M,0.68%
2024/5/27,559.2,555,559.8,554.2,14.08M,1.21%
2024/5/24,552.5,550,556.2,547.5,16.23M,-0.88%
2024/5/23,557.4,553,561.9,551.4,20.60M,0.83%
2024/5/22,552.8,555.3,558.7,550.4,16.13M,-0.70%
2024/5/21,556.7,560.6,565.5,556.6,15.81M,-0.57%
2024/5/20,559.9,554.6,563.9,549.4,23.43M,1.41%
2024/5/17,552.1,553.9,556.7,549.2,22.77M,-0.52%
2024/5/16,555,561.7,562.8,544.3,40.29M,-2.29%
2024/5/15,568,571,587.8,568,28.99M,-0.77%
2024/5/14,572.4,562.3,574.3,559.1,35.02M,2.60%
2024/5/13,557.9,555,562.4,548.4,32.67M,1.09%
2024/5/10,551.9,591.6,597,548,85.04M,-4.27%
2024/5/9,576.5,572.1,578.5,560.1,29.46M,0.93%
2024/5/8,571.2,577.5,580.7,571.2,21.79M,-1.52%
2024/5/7,580,579.9,583,574.9,22.74M,0.00%
2024/5/2,580,579.3,581.9,576.1,24.15M,0.12%
2024/5/1,579.3,575.3,582,570.8,34.04M,-0.41%
2024/4/30,581.7,558.5,581.7,551.3,55.74M,5.96%
2024/4/26,549,547,551.6,538.6,25.50M,0.42%
2024/4/25,546.7,550.3,554.9,546.5,39.86M,-1.69%
2024/4/24,556.1,550.2,558.8,549.3,52.96M,0.87%
2024/4/23,551.3,552.5,559.5,550.1,45.22M,0.16%
2024/4/22,550.4,543,551,536.3,71.80M,-1.96%
2024/4/19,561.4,569.9,572.7,556.7,26.94M,-1.51%
2024/4/18,570,569.7,577.3,565.6,19.45M,0.62%
2024/4/17,566.5,584.5,585.7,564.7,24.52M,-2.14%
2024/4/16,578.9,583,589.2,576.4,22.21M,-1.30%
2024/4/15,586.5,584.3,587.3,578.9,16.44M,-0.88%
2024/4/12,591.7,589.9,593.4,586,21.84M,0.99%
2024/4/11,585.9,585.9,589.4,580.6,28.94M,-1.68%
2024/4/10,595.9,589.4,600.2,587.2,20.17M,0.85%
2024/4/9,590.9,585.5,591.4,581.7,18.42M,1.30%
2024/4/8,583.3,578.8,583.3,574,19.75M,1.00%
2024/4/5,577.5,577,578.1,569.4,23.27M,-1.21%
2024/4/4,584.6,588.9,590.9,580.5,24.92M,0.00%
2024/4/3,584.6,583.5,592.1,581,19.27M,-0.58%
2024/4/2,588,602.5,603.5,587.6,20.41M,-1.64%
2024/4/1,597.8,612.5,616.3,595.2,23.13M,-1.73%
2024/3/29,608.3,606,610.9,601,21.77M,1.86%
2024/3/28,597.2,595,606.2,590.6,26.98M,-1.03%
2024/3/27,603.4,606.9,608,600.7,31.76M,-0.12%
2024/3/26,604.1,608.9,616.5,591,67.14M,-3.94%
2024/3/25,628.9,637.7,644.5,627.5,31.84M,-2.12%
2024/3/22,642.5,631.6,651.5,631.1,54.64M,3.36%
2024/3/21,621.6,615.6,625.9,612,42.15M,2.63%
2024/3/19,605.7,598.8,608.8,595.4,36.70M,0.07%
2024/3/18,605.3,588.5,621.7,588.5,76.50M,4.07%
2024/3/15,581.6,566.5,581.6,564.6,55.75M,3.19%
2024/3/14,563.6,560,568.7,555.9,41.38M,2.23%
2024/3/13,551.3,547.9,555.5,544.7,33.84M,1.75%
2024/3/12,541.8,529.8,543,523.8,29.37M,2.09%
2024/3/11,530.7,540,540.7,524,50.03M,-3.95%
2024/3/8,552.5,544,554.7,541.5,42.27M,-0.58%
2024/3/7,555.7,580,581.9,550.3,67.56M,-4.78%
2024/3/6,583.6,580,585.6,578.4,19.82M,0.88%
2024/3/5,578.5,578.8,582.1,572.2,30.29M,-1.58%
2024/3/4,587.8,594,600.3,585.7,28.36M,-1.04%
2024/3/1,594,588,597.3,585.1,22.51M,0.88%
2024/2/29,588.8,588.5,603.4,586,46.67M,0.14%
2024/2/28,588,579.1,590.4,578.9,33.02M,2.03%
2024/2/27,576.3,573,580.4,567.7,27.85M,0.51%
2024/2/26,573.4,570.5,577,568.6,28.54M,0.65%
2024/2/22,569.7,569.5,575.6,567.3,28.48M,0.58%
2024/2/21,566.4,566.2,570.7,561.3,24.86M,0.04%
2024/2/20,566.2,566,568.3,563.4,21.65M,0.34%
2024/2/19,564.3,556.8,565.5,553.6,27.24M,1.27%
2024/2/16,557.2,551.4,560.9,549.1,31.37M,1.29%
2024/2/15,550.1,550.4,551.5,542.7,27.62M,0.44%
2024/2/14,547.7,559.6,560,543.4,41.35M,-2.13%
2024/2/13,559.6,555.8,560.5,553.2,45.33M,1.18%
2024/2/9,553.1,568.5,575.2,552,119.64M,-11.56%
2024/2/8,625.4,616,625.4,607.7,44.78M,1.84%
2024/2/7,614.1,600.2,623,599.6,43.83M,2.83%
2024/2/6,597.2,597.8,601.7,589.7,32.11M,0.12%
2024/2/5,596.5,588.5,599.3,585.5,32.52M,3.31%
2024/2/2,577.4,587,588.5,577.4,23.41M,-1.40%
2024/2/1,585.6,580,588.5,576.6,22.19M,-0.48%
2024/1/31,588.4,575.5,589,574.1,32.82M,2.22%
2024/1/30,575.6,570.4,576.9,568.8,37.53M,-0.17%
2024/1/29,576.6,569.4,578.4,569,32.15M,2.89%
2024/1/26,560.4,571,571.9,559.4,32.52M,-2.67%
2024/1/25,575.8,569.9,577,568.5,19.09M,0.82%
2024/1/24,571.1,578,578.7,569.1,22.61M,-1.16%
2024/1/23,577.8,583,583.7,575.5,27.32M,-1.01%
2024/1/22,583.7,574.9,583.7,574.2,26.97M,2.26%
2024/1/19,570.8,579.6,579.6,566.3,24.69M,-0.24%
2024/1/18,572.2,565.1,577.9,564.8,27.37M,1.47%
2024/1/17,563.9,574.1,580,563.8,29.97M,-0.98%
2024/1/16,569.5,568.9,571.4,564.6,21.36M,0.14%
2024/1/15,568.7,572.4,575.6,567,20.49M,-0.52%
2024/1/12,571.7,581.1,582.5,568.4,28.86M,-1.65%
2024/1/11,581.3,585,589.4,577.6,29.71M,2.02%
2024/1/10,569.8,566,575.1,563.5,20.86M,0.60%
2024/1/9,566.4,571.6,571.8,562.1,23.51M,-0.16%
2024/1/5,567.3,568.4,572.8,565.6,22.09M,0.66%
2024/1/4,563.6,559,563.6,549.1,26.54M,1.70%
2023/12/29,554.2,553,559,550.1,17.18M,0.45%
2023/12/28,551.7,544.4,552.2,541.8,16.37M,-0.22%
2023/12/27,552.9,553.2,557.9,550,18.94M,0.34%
2023/12/26,551,560.4,560.8,546.7,22.65M,-1.71%
2023/12/25,560.6,568.9,569.8,559.5,14.11M,-0.83%
2023/12/22,565.3,560.2,568.5,558.8,19.23M,0.57%
2023/12/21,562.1,569.3,571.5,559.8,23.24M,-2.97%
2023/12/20,579.3,573.8,581.8,572.4,29.63M,2.73%
2023/12/19,563.9,558.6,570.7,552,23.85M,0.95%
2023/12/18,558.6,546.6,559.9,540.9,23.93M,1.47%
2023/12/15,550.5,547.7,553.1,542.8,31.67M,2.94%
2023/12/14,534.8,556.8,558,532.4,44.94M,-5.51%
2023/12/13,566,578.3,578.5,561.7,36.11M,-0.44%
2023/12/12,568.5,579.8,580,566.9,23.50M,-1.10%
2023/12/11,574.8,570.4,578.8,569.7,26.60M,2.53%
2023/12/8,560.6,561.1,566,552.7,36.03M,-1.84%
2023/12/7,571.1,582,587.6,570.2,24.80M,-1.81%
2023/12/6,581.6,571,583,569.3,18.95M,1.96%
2023/12/5,570.4,569.8,572.9,566.3,23.66M,0.55%
2023/12/4,567.3,576.5,577,563.2,32.08M,-3.27%
2023/12/1,586.5,585,588.8,582.6,17.93M,0.62%
2023/11/30,582.9,575,589,574.8,31.33M,1.37%
2023/11/29,575,583.8,583.8,572,29.29M,-1.93%
2023/11/28,586.3,589,593.5,581.3,20.90M,0.19%
2023/11/27,585.2,599.8,599.8,583.5,29.61M,-1.89%
2023/11/24,596.5,594.1,600,592,25.62M,2.12%
2023/11/22,584.1,575.5,591.9,572,30.64M,-0.19%
2023/11/21,585.2,595.2,596.2,580.8,32.74M,-1.85%
2023/11/20,596.2,617.1,621.2,596,34.59M,-3.23%
2023/11/17,616.1,600.3,616.1,597,24.48M,1.22%
2023/11/16,608.7,596.8,617.5,596.1,39.94M,2.73%
2023/11/15,592.5,608.1,613.5,590.8,39.98M,-0.30%
2023/11/14,594.3,591.1,598.8,586.3,30.99M,1.80%
2023/11/13,583.8,611,616,583.8,48.60M,-3.85%
2023/11/10,607.2,625.5,642.2,600.1,61.03M,-4.45%
2023/11/9,635.5,623,635.5,613,34.14M,3.87%
2023/11/8,611.8,625,635.5,609.3,34.17M,0.08%
2023/11/7,611.3,609.5,617.7,605.9,19.33M,0.71%
2023/11/6,607,605,611.9,603.4,23.40M,2.02%
2023/11/2,595,608.1,615.2,592,28.54M,-0.25%
2023/11/1,596.5,587.4,598.6,587,27.46M,5.13%
2023/10/31,567.4,573,578.6,554.7,27.26M,0.16%
2023/10/30,566.5,584.3,584.3,563.4,29.58M,-4.50%
2023/10/27,593.2,590.1,595.4,587,15.93M,1.52%
2023/10/26,584.3,589.2,591.4,580.5,20.38M,-1.85%
2023/10/25,595.3,605.1,611.9,594,20.29M,0.07%
2023/10/24,594.9,602,604.7,580.3,23.56M,-0.30%
2023/10/23,596.7,600,604.4,594.2,14.56M,-0.70%
2023/10/20,600.9,606.8,609.8,595.6,24.80M,-2.17%
2023/10/19,614.2,616,618.1,608.6,20.00M,-2.54%
2023/10/18,630.2,630,638.7,625.2,17.51M,1.22%
2023/10/17,622.6,630.6,632.3,617.6,17.84M,0.99%
2023/10/16,616.5,616.8,620.9,611.9,14.69M,-0.92%
2023/10/13,622.2,629,629.5,619.4,21.19M,-2.71%
2023/10/12,639.5,640.1,642.7,635.3,15.67M,1.30%
2023/10/11,631.3,624.5,638,622.6,19.78M,1.15%
2023/10/10,624.1,615,628.1,612.6,21.36M,2.85%
2023/10/6,606.8,602.6,609.2,594.4,26.70M,0.13%
2023/10/5,606,606,611,594.5,25.46M,2.61%
2023/10/4,590.6,612,612.3,586,41.36M,-6.27%
2023/10/3,630.1,658,658,629.2,27.66M,-4.96%
2023/10/2,663,675,677.1,662.9,16.25M,0.41%
2023/9/29,660.3,683.3,687,658.8,25.46M,-3.17%
2023/9/28,681.9,681,689.6,672.9,21.85M,1.32%
2023/9/27,673,671.6,673,658.6,25.09M,-0.83%
2023/9/26,678.6,689,689.9,673.2,17.72M,-1.96%
2023/9/25,692.2,691.3,695,682.8,14.92M,0.68%
2023/9/22,687.5,682.7,694.4,673,21.85M,-0.74%
2023/9/21,692.6,696.8,706.9,691.2,26.74M,0.45%
2023/9/20,689.5,707,712.5,688.6,33.24M,-2.90%
2023/9/19,710.1,667.1,710.7,656.1,45.90M,4.87%
2023/9/15,677.1,665,684.5,661.5,44.21M,2.90%
2023/9/14,658,650,658.5,642,24.81M,2.49%
2023/9/13,642,650,651.5,636.6,26.23M,-0.74%
2023/9/12,646.8,635.3,646.8,633.3,22.12M,2.78%
2023/9/11,629.3,628.7,633.2,624.3,16.96M,0.93%
2023/9/8,623.5,630,635.5,623.2,20.28M,-1.76%
2023/9/7,634.7,640.1,644.2,634.6,20.06M,-1.69%
2023/9/6,645.6,631.8,649.3,631.1,28.22M,1.99%
2023/9/5,633,636.1,637,627.8,25.85M,-1.09%
2023/9/4,640,621,640,620.9,27.56M,3.64%
2023/9/1,617.5,615,620.5,612.5,15.63M,-0.53%
2023/8/31,620.8,615.2,622.5,614.2,17.64M,0.75%
2023/8/30,616.2,620,622,615.4,13.98M,-0.06%
2023/8/29,616.6,611.3,617.5,609.5,17.38M,1.60%
2023/8/28,606.9,608,610.4,604,15.95M,1.49%
2023/8/25,598,592.4,598,591.5,10.87M,-0.07%
2023/8/24,598.4,604.6,604.6,596.5,15.46M,-1.09%
2023/8/23,605,592,606.9,590.5,16.10M,1.20%
2023/8/22,597.8,594,598.6,590.2,13.67M,2.24%
2023/8/21,584.7,583,588.7,581.8,14.50M,-0.12%
2023/8/18,585.4,580.2,592.9,580.2,17.55M,-0.75%
2023/8/17,589.8,595.6,595.6,575.6,28.34M,-1.50%
2023/8/16,598.8,600,605.5,597,17.28M,-1.64%
2023/8/15,608.8,616.8,619.9,608.2,14.62M,0.28%
2023/8/14,607.1,623,623.9,604.5,20.72M,-2.71%
2023/8/10,624,620.8,624.9,616.6,16.85M,1.25%
2023/8/9,616.3,622.7,623.2,615.2,18.31M,-1.64%
2023/8/8,626.6,625,633.2,623.8,17.16M,1.06%
2023/8/7,620,623.5,623.8,613.7,20.35M,-1.26%
2023/8/4,627.9,625,637.5,621.9,24.02M,1.00%
2023/8/3,621.7,624.1,628.9,618.3,20.35M,-1.52%
2023/8/2,631.3,635.8,639.3,627.8,30.92M,-2.25%
2023/8/1,645.8,628,647.4,624.2,38.57M,3.66%
2023/7/31,623,633.1,636.5,616.3,36.92M,0.73%
2023/7/28,618.5,622.9,628.7,602.6,55.38M,-2.98%
2023/7/27,637.5,661,661.1,622.4,76.21M,-2.94%
2023/7/26,656.8,658.3,664.3,637.5,62.61M,-1.23%
2023/7/25,665,630,665,624.6,64.58M,6.60%
2023/7/24,623.8,614,629,613.2,32.28M,3.18%
2023/7/21,604.6,607,612.9,603.3,21.64M,-0.85%
2023/7/20,609.8,602.9,617,601.7,38.52M,1.38%
2023/7/19,601.5,572,601.5,570.8,45.93M,7.68%
2023/7/18,558.6,553,558.7,550.1,22.37M,0.43%
2023/7/14,556.2,561.1,567.5,551.7,29.91M,-2.13%
2023/7/13,568.3,570,573.7,565.9,20.08M,-0.63%
2023/7/12,571.9,575,576.5,569,22.93M,0.35%
2023/7/11,569.9,587.2,587.3,568.1,24.24M,-2.06%
2023/7/10,581.9,596,599.3,579,29.66M,-2.55%
2023/7/7,597.1,605.2,607.6,597.1,25.31M,-1.66%
2023/7/6,607.2,612,619.9,606.1,23.92M,-1.65%
2023/7/5,617.4,618.9,619,607.6,22.23M,0.13%
2023/7/4,616.6,607.9,618.6,605.5,31.94M,2.22%
2023/7/3,603.2,593,603.9,591.5,30.84M,2.55%
2023/6/30,588.2,580,590,572.4,32.36M,1.57%
2023/6/29,579.1,558,583.9,557.9,45.25M,4.17%
2023/6/28,555.9,552.4,556.9,548.8,25.63M,1.94%
2023/6/27,545.3,541.3,546.8,538.8,22.12M,1.79%
2023/6/26,535.7,538,542.3,531.7,18.56M,-0.74%
2023/6/23,539.7,542.8,543.9,530.5,28.78M,0.30%
2023/6/22,538.1,535,542.6,532.7,15.07M,0.24%
2023/6/21,536.8,531.6,537.9,528.8,17.43M,-0.06%
2023/6/20,537.1,542.1,542.1,533.2,16.95M,-1.32%
2023/6/19,544.3,547.2,549.7,542,19.20M,0.20%
2023/6/16,543.2,546.9,547.1,538.4,24.09M,0.09%
2023/6/15,542.7,548,548.5,538.3,25.23M,-1.42%
2023/6/14,550.5,543.5,551.8,542.6,34.66M,2.80%
2023/6/13,535.5,527.9,541.1,527.4,23.63M,2.14%
2023/6/12,524.3,527.3,530.3,520.7,15.03M,-0.15%
2023/6/9,525.1,524.1,528,521.6,21.87M,0.25%
2023/6/8,523.8,536.5,538.5,521.1,21.01M,-0.96%
2023/6/7,528.9,544.9,547.9,528,29.15M,-3.54%
2023/6/6,548.3,543,550,540.1,17.77M,0.38%
2023/6/5,546.2,535.5,547,534.7,30.15M,3.94%
2023/6/2,525.5,522,525.8,521.2,12.53M,1.21%
2023/6/1,519.2,520.6,524.3,516.2,14.01M,-0.71%
2023/5/31,522.9,526.8,531.1,521.4,21.94M,-1.95%
2023/5/30,533.3,524.6,536.1,519.6,15.63M,1.60%
2023/5/29,524.9,533.9,539.4,524.4,18.41M,0.02%
2023/5/26,524.8,523,529.4,522.4,16.80M,0.92%
2023/5/25,520,523,523.7,518.4,13.98M,-0.17%
2023/5/24,520.9,521,524,518.9,12.13M,-0.04%
2023/5/23,521.1,526.5,531.2,520.7,21.58M,-0.23%
2023/5/22,522.3,510.5,524.3,509.7,21.37M,2.09%
2023/5/19,511.6,515,516.5,509.4,19.06M,0.83%
2023/5/18,507.4,512.3,513.5,505.8,16.56M,0.55%
2023/5/17,504.6,510,511.2,503.1,17.08M,-1.45%
2023/5/16,512,517.5,518,508,20.21M,-0.16%
2023/5/15,512.8,530,532.7,510.5,33.82M,-3.70%
2023/5/12,532.5,525.8,534.8,522.3,54.42M,5.28%
2023/5/11,505.8,503.5,506.1,499.8,21.90M,-0.28%
2023/5/10,507.2,510,511.1,502.4,15.63M,-0.74%
2023/5/9,511,503.5,511.9,501.1,14.89M,2.00%
2023/5/8,501,495,503.1,492.6,16.60M,0.14%
2023/5/2,500.3,502,502.5,495.8,15.55M,-0.56%
2023/5/1,503.1,498,504.3,497.8,18.62M,2.21%
2023/4/28,492.2,489.9,492.2,484.3,26.68M,2.37%
2023/4/27,480.8,473.9,481.9,472.2,15.84M,1.07%
2023/4/26,475.7,475,478.8,474,15.12M,-1.25%
2023/4/25,481.7,486.2,487.2,481.1,17.13M,-0.70%
2023/4/24,485.1,485.2,487.2,481.8,16.45M,0.37%
2023/4/21,483.3,489,490,482.2,32.81M,-3.38%
2023/4/20,500.2,496,502.4,494.1,11.19M,0.06%
2023/4/19,499.9,502.7,502.9,497.3,14.52M,-0.58%
2023/4/18,502.8,500,506.5,496.6,18.58M,1.00%
2023/4/17,497.8,498,499.6,495.2,13.28M,1.43%
2023/4/14,490.8,500.3,500.5,489.5,18.65M,-0.85%
2023/4/13,495,500,500.4,492.2,18.92M,-2.06%
2023/4/12,505.4,506.6,508.7,503.7,13.60M,0.62%
2023/4/11,502.3,496.9,503.8,492.7,17.74M,2.74%
2023/4/10,488.9,488.7,490.5,485.7,10.89M,0.85%
2023/4/7,484.8,486,488.4,484,15.65M,-0.06%
2023/4/6,485.1,493.6,495.9,483.5,22.88M,-3.46%
2023/4/5,502.5,503.4,507.9,498.8,16.56M,-1.80%
2023/4/4,511.7,505,513.6,502.8,22.71M,0.29%
2023/4/3,510.2,508.2,512.3,504.1,17.14M,1.82%
2023/3/31,501.1,497.2,505.4,497,24.60M,2.29%
2023/3/30,489.9,486.8,492.4,484,21.07M,-0.06%
2023/3/29,490.2,481,490.2,478.3,26.93M,2.25%
2023/3/28,479.4,485.1,487.9,475.8,15.73M,-0.02%
2023/3/27,479.5,482.9,484.9,476.1,15.00M,-0.25%
2023/3/24,480.7,477.1,481.1,473.7,15.96M,-0.41%
2023/3/23,482.7,472.1,483.7,472,15.41M,0.65%
2023/3/22,479.6,477.7,482.7,470.9,21.34M,3.88%
2023/3/20,461.7,458.4,468.7,457.4,19.08M,-1.91%
2023/3/17,470.7,470,472.6,458.1,29.16M,0.28%
2023/3/16,469.4,455.8,471.4,450.4,26.37M,-1.30%
2023/3/15,475.6,488.2,490.5,474,26.41M,-0.08%
2023/3/14,476,481.2,483.8,472.2,36.63M,-5.67%
2023/3/13,504.6,510.9,511.1,500,32.11M,-4.95%
2023/3/10,530.9,538,545.1,530.9,27.36M,-3.31%
2023/3/9,549.1,550.2,553.2,543.8,20.28M,0.62%
2023/3/8,545.7,555.2,556.2,541,36.97M,-3.54%
2023/3/7,565.7,554,566.5,549.4,26.56M,2.19%
2023/3/6,553.6,547.9,556.7,546.5,23.79M,1.69%
2023/3/3,544.4,537.8,545.7,535.5,25.71M,1.80%
2023/3/2,534.8,536.8,540,531.8,18.24M,-0.15%
2023/3/1,535.6,523.9,538.6,523.7,22.98M,1.52%
2023/2/28,527.6,532.2,535.8,524.4,20.96M,-0.19%
2023/2/27,528.6,535,535.9,525.7,20.33M,0.04%
2023/2/24,528.4,526,529.9,523.2,17.51M,1.62%
2023/2/22,520,533.5,534.9,517.5,24.53M,-3.31%
2023/2/21,537.8,524.3,538.5,524.3,27.28M,2.59%
2023/2/20,524.2,518.7,527,518.2,21.40M,1.06%
2023/2/17,518.7,504.9,519.2,503.3,21.85M,1.75%
2023/2/16,509.8,499.3,512,499.1,33.23M,4.10%
2023/2/15,489.7,486.7,491.4,484.8,17.37M,1.51%
2023/2/14,482.4,488,488.4,480.2,12.25M,-0.17%
2023/2/13,483.2,476.2,485.5,472.6,23.38M,0.58%
2023/2/10,480.4,478.5,483.7,471.1,30.44M,1.63%
2023/2/9,472.7,471.8,473.8,468.6,14.54M,-0.08%
2023/2/8,473.1,474.8,478.1,471.4,11.94M,-0.21%
2023/2/7,474.1,485,487,472.7,23.10M,0.36%
2023/2/6,472.4,474,481.2,470.7,22.65M,2.12%
2023/2/3,462.6,459.8,464.6,459.5,15.47M,0.81%
2023/2/2,458.9,464.8,464.9,454.1,14.05M,-1.90%
2023/2/1,467.8,468.5,469.7,463.6,18.10M,0.97%
2023/1/31,463.3,465.1,468.1,457.5,29.73M,2.07%
2023/1/30,453.9,458,463.8,449,30.80M,-0.68%
2023/1/27,457,452.9,458.4,451.4,17.21M,1.53%
2023/1/26,450.1,446.5,451.5,446.1,16.44M,1.28%
2023/1/25,444.4,441.8,445,440.2,10.86M,0.59%
2023/1/24,441.8,441.4,442.1,436.9,16.37M,1.77%
2023/1/23,434.1,440.1,442.2,433.2,14.63M,0.86%
2023/1/20,430.4,421.2,430.7,419.5,17.46M,2.57%
2023/1/19,419.6,424.4,425.1,419.5,19.66M,-3.61%
2023/1/18,435.3,425,439.9,418.1,22.87M,2.81%
2023/1/17,423.4,415,427.6,415,16.23M,2.69%
2023/1/16,412.3,414.5,414.6,410,15.01M,-1.69%
2023/1/13,419.4,422,427.2,418.1,20.67M,-1.96%
2023/1/12,427.8,429.9,432.5,427.8,12.97M,-0.56%
2023/1/11,430.2,431.9,432.9,429.2,12.44M,-0.23%
2023/1/10,431.2,429.4,433.2,427.3,14.95M,1.05%
2023/1/6,426.7,421.1,429.7,420.1,17.18M,1.74%
2023/1/5,419.4,416.4,419.4,413.3,13.64M,1.70%
2023/1/4,412.4,412,413.7,408.1,15.16M,-1.36%
2022/12/30,418.1,416.5,421.2,416.5,10.81M,0.72%
2022/12/29,415.1,413.6,415.6,411.5,11.10M,-0.34%
2022/12/28,416.5,415,418.3,411.8,16.70M,0.05%
2022/12/27,416.3,423,425.8,414.6,17.47M,-1.07%
2022/12/26,420.8,416,422.4,415.3,14.43M,1.94%
2022/12/23,412.8,416.8,417,409.7,23.06M,-2.25%
2022/12/22,422.3,426.6,431.2,421.4,26.52M,2.15%
2022/12/21,413.4,425.3,425.3,408.6,39.63M,-3.41%
2022/12/20,428,454.1,454.5,424.3,42.87M,-5.04%
2022/12/19,450.7,454.6,454.7,447.6,18.10M,-2.09%
2022/12/16,460.3,460.6,463.7,458.5,12.41M,-0.86%
2022/12/15,464.3,459,464.3,457.5,10.07M,0.45%
2022/12/14,462.2,460,463.6,458.3,9.23M,-0.06%
2022/12/13,462.5,466.8,468.5,461.7,11.75M,0.11%
2022/12/12,462,458,462.6,457.6,10.79M,0.65%
2022/12/9,459,462.4,465.6,459,15.50M,-0.56%
2022/12/8,461.6,459.7,462.4,456.1,15.15M,-0.45%
2022/12/7,463.7,460,468.1,459.2,13.97M,-0.54%
2022/12/6,466.2,461.6,468.2,461,15.90M,0.97%
2022/12/5,461.7,471,471.4,459.2,23.00M,-2.72%
2022/12/2,474.6,483,483,471.6,19.21M,-2.98%
2022/12/1,489.2,493.1,493.4,488.2,12.39M,-0.41%
2022/11/30,491.2,494.8,494.9,488.3,18.28M,-0.47%
2022/11/29,493.5,495,495.2,488.1,16.93M,-1.69%
2022/11/28,502,506.6,509.3,501.9,10.81M,-0.48%
2022/11/25,504.4,503,504.5,500.1,9.06M,0.38%
2022/11/24,502.5,510.2,510.9,502,13.00M,-0.69%
2022/11/22,506,503.1,510.6,502.4,20.54M,1.67%
2022/11/21,497.7,503,504.4,496,12.00M,-0.14%
2022/11/18,498.4,493.7,501.6,492.1,19.80M,1.96%
2022/11/17,488.8,491.7,494.4,488.7,16.74M,-1.85%
2022/11/16,498,494.9,498.5,492,14.05M,-0.52%
2022/11/15,500.6,492.9,500.6,490.2,13.50M,1.56%
2022/11/14,492.9,498.2,498.5,491.7,17.48M,-1.32%
2022/11/11,499.5,499,501.2,494.3,28.55M,2.27%
2022/11/10,488.4,491.8,499.3,485.2,27.90M,-0.91%
2022/11/9,492.9,495.8,497.2,487.6,20.56M,-0.48%
2022/11/8,495.3,490.9,499.2,487.1,20.00M,1.39%
2022/11/7,488.5,490.3,492.7,484.8,14.56M,0.49%
2022/11/4,486.1,480.4,487.5,477.1,19.36M,0.43%
2022/11/2,484,473.3,484,472.4,17.52M,1.96%
2022/11/1,474.7,475,478.3,472.7,11.77M,0.06%
2022/10/31,474.4,469.4,474.4,467.1,13.90M,2.82%
2022/10/28,461.4,462,466,460.8,27.97M,-0.26%
2022/10/27,462.6,466.4,467.3,459.7,10.46M,-1.09%
2022/10/26,467.7,467,472.5,466.5,12.69M,0.32%
2022/10/25,466.2,463,466.9,460.6,12.15M,1.75%
2022/10/24,458.2,461.9,465.5,457.2,15.17M,0.42%
2022/10/21,456.3,459.5,460.5,454.2,13.97M,-1.06%
2022/10/20,461.2,461.1,462.8,458.4,13.74M,-0.95%
2022/10/19,465.6,462.6,473.9,460.7,20.46M,1.22%
2022/10/18,460,465,467.5,455.9,14.17M,0.48%
2022/10/17,457.8,449,459.2,448.3,15.24M,-0.04%
2022/10/14,458,453,462.7,449.3,20.38M,3.13%
2022/10/13,444.1,450.8,452.5,441.1,20.16M,-1.31%
2022/10/12,450,456,459.3,448.3,26.25M,-2.43%
2022/10/11,461.2,465.3,468.1,458.6,25.39M,-2.08%
2022/10/7,471,467.9,473.9,464,19.08M,-1.55%
2022/10/6,478.4,480.2,487.4,478.4,18.32M,-0.06%
2022/10/5,478.7,488.7,491,477.3,16.76M,-0.15%
2022/10/4,479.4,477,482.9,475.3,23.20M,2.07%
2022/10/3,469.7,459.2,469.9,454.5,20.87M,2.06%
2022/9/30,460.2,480,480.8,459.6,32.45M,-6.31%
2022/9/29,491.2,491.2,497.7,484.9,17.18M,1.34%
2022/9/28,484.7,492,492.2,476.1,22.55M,-2.65%
2022/9/27,497.9,497.8,503.9,492.3,21.64M,1.51%
2022/9/26,490.5,501.7,502.5,486.9,33.78M,-5.71%
2022/9/22,520.2,512.4,521.3,512.2,16.51M,-0.21%
2022/9/21,521.3,529.4,530.1,520.1,17.00M,-3.05%
2022/9/20,537.7,544.4,545.2,536.1,12.58M,-0.28%
2022/9/16,539.2,540,543.6,538.3,15.04M,-1.32%
2022/9/15,546.4,541.4,547.9,539,11.41M,1.45%
2022/9/14,538.6,543.9,549.3,538.6,16.10M,-1.75%
2022/9/13,548.2,549.2,550.6,543.1,11.50M,-0.85%
2022/9/12,552.9,546.8,558.2,546.1,16.19M,2.45%
2022/9/9,539.7,544.9,551,539,13.75M,-0.95%
2022/9/8,544.9,543.5,546,538.6,16.40M,1.19%
2022/9/7,538.5,533.8,539.3,528.4,16.25M,2.43%
2022/9/6,525.7,526,528.5,519,14.27M,-0.81%
2022/9/5,530,539,539.9,528.2,11.86M,-1.78%
2022/9/2,539.6,539.4,543.4,537.5,12.65M,-1.35%
2022/9/1,547,543.1,547,538.5,13.43M,-0.53%
2022/8/31,549.9,540,553.4,536.6,16.94M,1.33%
2022/8/30,542.7,538.3,543.3,537.2,12.69M,2.07%
2022/8/29,531.7,525,533.9,522.7,11.87M,-0.69%
2022/8/26,535.4,539,541.4,532.6,10.48M,0.02%
2022/8/25,535.3,529,536.1,528.6,9.63M,1.38%
2022/8/24,528,530.1,534.9,527.7,9.82M,0.13%
2022/8/23,527.3,528,529.4,525.2,11.82M,-1.29%
2022/8/22,534.2,531.2,536.8,529.8,8.40M,-0.37%
2022/8/19,536.2,534.3,539.8,534.1,11.49M,1.30%
2022/8/18,529.3,535,535,528.1,10.72M,-1.80%
2022/8/17,539,532.9,539.6,530.3,14.54M,2.14%
2022/8/16,527.7,534,534.2,524.6,11.78M,-1.31%
2022/8/15,534.7,537.6,537.6,532.9,10.15M,-0.59%
2022/8/12,537.9,531.6,538.1,531.5,16.57M,1.61%
2022/8/10,529.4,522.2,529.4,518.6,11.47M,1.61%
2022/8/9,521,524,527.9,520.1,11.79M,-0.61%
2022/8/8,524.2,515.6,524.7,515.4,14.53M,1.71%
2022/8/5,515.4,505,515.9,504.3,12.81M,1.18%
2022/8/4,509.4,512.3,514.5,505.2,17.69M,-0.31%
2022/8/3,511,504,512.7,496.6,20.55M,0.73%
2022/8/2,507.3,513.5,518.6,507.3,21.53M,-2.25%
2022/8/1,519,504,522.6,503.6,28.40M,3.30%
2022/7/29,502.4,519.8,521.9,498.6,48.05M,-4.85%
2022/7/28,528,517,530.3,513.1,27.59M,3.65%
2022/7/27,509.4,510.1,511.3,507.3,11.71M,-0.66%
2022/7/26,512.8,516.5,518.4,512.3,10.20M,-0.25%
2022/7/25,514.1,510.5,517.8,508.3,8.26M,-0.27%
2022/7/22,515.5,519,519.7,514.2,12.72M,-1.06%
2022/7/21,521,520,526.9,517.4,13.08M,-0.67%
2022/7/20,524.5,523,524.5,519,16.65M,1.67%
2022/7/19,515.9,515.1,518.6,513.5,12.41M,1.54%
2022/7/15,508.1,510.1,510.7,503.1,15.38M,-1.05%
2022/7/14,513.5,505.5,514.9,503.6,12.12M,0.77%
2022/7/13,509.6,511,515.6,508,11.73M,0.79%
2022/7/12,505.6,513.4,514.2,504,15.19M,-2.28%
2022/7/11,517.4,514,520.7,512.6,17.91M,2.62%
2022/7/8,504.2,505.1,513,504.2,15.99M,0.88%
2022/7/7,499.8,498.8,504.3,490,19.52M,1.83%
2022/7/6,490.8,505,505.1,490.4,25.87M,-4.55%
2022/7/5,514.2,518.8,518.9,512.7,12.91M,0.35%
2022/7/4,512.4,518.3,518.4,508.7,16.36M,0.81%
2022/7/1,508.3,523.7,524.9,505.3,23.85M,-3.77%
2022/6/30,528.2,546.5,547,527.1,22.21M,-3.77%
2022/6/29,548.9,569,570,548.7,22.23M,-3.06%
2022/6/28,566.2,554.2,566.9,552.8,17.46M,3.13%
2022/6/27,549,552.7,557.6,546.7,10.89M,0.83%
2022/6/24,544.5,542.9,546.3,538.4,15.81M,-1.16%
2022/6/23,550.9,552.2,559.5,548.5,14.35M,-0.88%
2022/6/22,555.8,556.2,560.5,552.3,16.08M,2.24%
2022/6/21,543.6,536.6,546.6,536,13.27M,3.23%
2022/6/20,526.6,534,534.3,522.7,12.63M,0.46%
2022/6/17,524.2,521.1,527.7,512.2,24.28M,-4.20%
2022/6/16,547.2,541.4,555.5,538.9,15.94M,2.55%
2022/6/15,533.6,546,546,532.8,14.05M,-1.04%
2022/6/14,539.2,537.9,540.6,534,14.98M,-0.97%
2022/6/13,544.5,544,551,542,17.23M,-3.46%
2022/6/10,564,565,569.8,560.5,15.22M,-1.36%
2022/6/9,571.8,562.2,577.6,561.1,21.75M,1.93%
2022/6/8,561,553.6,563.7,553.1,15.72M,1.15%
2022/6/7,554.6,549,558.8,548.4,20.79M,2.61%
2022/6/6,540.5,537,542.9,535.1,12.71M,0.45%
2022/6/3,538.1,543.9,545,535.4,18.96M,-0.17%
2022/6/2,539,536.8,541.2,531.5,18.75M,-0.09%
2022/6/1,539.5,506.6,539.5,503.9,38.48M,7.77%
2022/5/31,500.6,499.3,505.6,498.1,18.40M,-0.34%
2022/5/30,502.3,496.2,502.3,495.4,21.71M,2.47%
2022/5/27,490.2,493.5,493.7,487.4,13.94M,0.53%
2022/5/26,487.6,492.1,497.7,487.2,13.19M,-0.20%
2022/5/25,488.6,485,490.7,482.4,17.59M,-0.20%
2022/5/24,489.6,499,501,489.3,19.88M,-1.67%
2022/5/23,497.9,502.5,503.9,492.4,16.18M,0.20%
2022/5/20,496.9,486,499.2,485.1,28.53M,2.88%
2022/5/19,483,485,488,479.1,25.68M,-3.88%
2022/5/18,502.5,491.5,505.3,488,22.84M,3.72%
2022/5/17,484.5,493.2,493.8,482.6,17.68M,-2.06%
2022/5/16,494.7,497.9,502.2,490.3,21.42M,0.92%
2022/5/13,490.2,495.4,498.8,473.2,42.03M,-2.93%
2022/5/12,505,497,511.6,486.9,22.30M,1.06%
2022/5/11,499.7,508.7,511.6,495.1,20.66M,-1.46%
2022/5/10,507.1,510,515.8,500.1,19.79M,-2.37%
2022/5/9,519.4,521.4,526.8,517.5,11.44M,-0.73%
2022/5/6,523.2,511,524.1,508.1,20.06M,1.65%
2022/5/2,514.7,520,521.6,510.3,14.59M,-0.44%
2022/4/28,517,501,518.5,496.1,22.19M,3.57%
2022/4/27,499.2,496.6,500.8,493.7,25.00M,-1.98%
2022/4/26,509.3,509.9,511.7,504.7,18.17M,-0.10%
2022/4/25,509.8,521.1,522,508.6,27.72M,-5.05%
2022/4/22,536.9,539,540.7,528.5,14.37M,-1.74%
2022/4/21,546.4,540.8,551.9,540.7,14.22M,-0.80%
2022/4/20,550.8,539.3,557.1,539,30.84M,4.66%
2022/4/19,526.3,513.4,528.4,512.4,17.87M,3.91%
2022/4/18,506.5,507,511.9,500.4,7.96M,-0.80%
2022/4/15,510.6,504.1,511.7,503.1,9.29M,0.71%
2022/4/14,507,496,508.1,492.5,12.11M,0.60%
2022/4/13,504,503.8,506,497,15.64M,0.76%
2022/4/12,500.2,507.4,508.4,500,17.00M,-1.88%
2022/4/11,509.8,512.5,514.2,504.7,10.36M,0.24%
2022/4/8,508.6,511.2,515,501.5,16.93M,-0.04%
2022/4/7,508.8,508.4,511.8,500.1,14.14M,-1.53%
2022/4/6,516.7,524.8,525.3,515,16.66M,-2.82%
2022/4/5,531.7,535,539,529.7,13.52M,0.40%
2022/4/4,529.6,534.4,537.5,528.1,16.92M,-1.93%
2022/4/1,540,538.1,543.6,533.3,14.16M,-1.42%
2022/3/31,547.8,538,552.5,533.3,16.10M,-0.36%
2022/3/30,549.8,556.3,563.1,540.1,23.17M,0.35%
2022/3/29,547.9,543.5,549.4,540.7,16.76M,1.44%
2022/3/28,540.1,533.1,543.4,528.4,15.38M,1.81%
2022/3/25,530.5,542.2,542.5,526.1,16.24M,-0.53%
2022/3/24,533.3,520,533.3,519.7,18.29M,-0.28%
2022/3/23,534.8,523,536,520,25.39M,3.80%
2022/3/22,515.2,518.4,523.9,509.4,19.12M,1.94%
2022/3/18,505.4,501,507.3,498,22.95M,-1.58%
2022/3/17,513.5,516.2,519.5,503.7,25.90M,2.25%
2022/3/16,502.2,490,503.5,488.8,27.60M,3.67%
2022/3/15,484.4,465.5,492.7,464.6,25.90M,4.22%
2022/3/14,464.8,460.9,468.6,459.2,20.01M,2.04%
2022/3/11,455.5,461.7,464.6,450.1,23.25M,-4.21%
2022/3/10,475.5,466,480.9,462,32.96M,8.61%
2022/3/9,437.8,447.5,450.9,436.5,30.00M,-0.23%
2022/3/8,438.8,456.4,457.4,437,32.54M,-5.51%
2022/3/7,464.4,481.7,484.2,453,35.49M,-6.37%
2022/3/4,496,519.4,519.6,494.1,30.34M,-5.51%
2022/3/3,524.9,529,534.7,524.9,17.01M,0.11%
2022/3/2,524.3,531.5,533.7,521.5,26.57M,-3.82%
2022/3/1,545.1,551.1,555.3,544.2,19.67M,-0.04%
2022/2/28,545.3,560,561,537.1,33.21M,-3.47%
2022/2/25,564.9,569,573.9,563.1,18.32M,0.12%
2022/2/24,564.2,558.1,571.1,554,20.88M,0.37%
2022/2/22,562.1,588.1,589.6,560.2,25.74M,-6.02%
2022/2/21,598.1,605.3,607,596.7,18.93M,-2.75%
2022/2/18,615,602.7,616.3,602.3,12.48M,1.07%
2022/2/17,608.5,605.2,613.3,604.4,12.93M,-0.36%
2022/2/16,610.7,616.4,618.5,604.2,16.69M,0.71%
2022/2/15,606.4,616,627,602,20.04M,-1.32%
2022/2/14,614.5,621.7,623.8,612.7,18.51M,-3.32%
2022/2/10,635.6,630,643,629.5,19.25M,1.44%
2022/2/9,626.6,612.6,629.1,604.3,39.17M,5.67%
2022/2/8,593,600.6,608.8,585.2,20.41M,-0.99%
2022/2/7,598.9,596.8,602.8,592.3,11.84M,-0.05%
2022/2/4,599.2,610.5,611.9,593.1,20.58M,-3.04%
2022/2/3,618,610.3,622.8,609.8,11.01M,0.88%
2022/2/2,612.6,599.8,617,598.2,16.06M,3.10%
2022/2/1,594.2,610.5,616,592.3,14.45M,-2.17%
2022/1/31,607.4,602.2,612.9,595.8,13.40M,0.33%
2022/1/28,605.4,590,607,589.6,14.57M,2.45%
2022/1/27,590.9,610,612,585.7,16.39M,-2.41%
2022/1/26,605.5,607.9,609.6,596.4,16.39M,0.02%
2022/1/25,605.4,613,615,600,24.34M,0.92%
2022/1/24,599.9,603,608.8,593,15.92M,-2.01%
2022/1/21,612.2,606.7,613.5,596.7,16.99M,-0.95%
2022/1/20,618.1,607.2,620.6,600.1,19.82M,0.41%
2022/1/19,615.6,617.9,629.8,614.3,18.61M,-2.72%
2022/1/18,632.8,638.5,646.7,630.7,18.31M,-1.03%
2022/1/17,639.4,630,639.8,629.6,13.81M,2.44%
2022/1/14,624.2,641.6,642.5,620.1,24.48M,-3.37%
2022/1/13,646,630,650,627.1,22.55M,2.23%
2022/1/12,631.9,627.6,632.1,624.2,15.48M,1.54%
2022/1/11,622.3,624.4,631.4,615.2,13.45M,-1.07%
2022/1/7,629,624,635,619.1,19.02M,2.14%
2022/1/6,615.8,614,620.6,610.9,21.01M,0.10%
2022/1/5,615.2,607,615.6,599.3,27.75M,4.25%
2022/1/4,590.1,569,591.1,566.6,22.21M,6.17%
2021/12/30,555.8,553,558.6,547.5,9.76M,-0.41%
2021/12/29,558.1,554.8,559.1,552,8.45M,0.83%
2021/12/28,553.5,557.8,559.3,551.1,8.94M,0.14%
2021/12/27,552.7,557.4,560,549.3,8.53M,-0.93%
2021/12/24,557.9,563.4,568.1,557.7,9.86M,-0.32%
2021/12/23,559.7,550,559.7,549.2,12.01M,2.32%
2021/12/22,547,545.6,551.1,545,9.97M,0.40%
2021/12/21,544.8,552,553.5,543.7,14.01M,-0.60%
2021/12/20,548.1,542.5,555.9,542.3,13.99M,-2.47%
2021/12/17,562,561.2,571.6,560.7,20.56M,0.45%
2021/12/16,559.5,559.3,571.5,557,25.21M,4.07%
2021/12/15,537.6,532,541.8,532,11.20M,0.47%
2021/12/14,535.1,543,545.4,533,14.35M,-2.82%
2021/12/13,550.6,556.4,557.2,549.3,10.62M,0.77%
2021/12/10,546.4,552.9,558.3,544.3,14.84M,-1.67%
2021/12/9,555.7,566.7,569.4,555.7,13.47M,-2.25%
2021/12/8,568.5,564.6,572.9,558.7,17.60M,-0.28%
2021/12/7,570.1,560.9,573.9,554.5,18.16M,3.49%
2021/12/6,550.9,565.5,568.9,550.6,14.92M,-2.41%
2021/12/3,564.5,553.7,566.6,548.1,19.22M,4.06%
2021/12/2,542.5,558.8,558.9,542.1,26.35M,-2.78%
2021/12/1,558,565.5,572.1,553,26.11M,-0.87%
2021/11/30,562.9,603.5,606.1,562.9,36.12M,-5.16%
2021/11/29,593.5,611,611.4,593.4,25.63M,-5.63%
2021/11/26,628.9,636,636.9,624.2,13.23M,-1.63%
2021/11/25,639.3,645,650,638.6,13.89M,-0.33%
2021/11/24,641.4,630.1,643.8,630,27.39M,4.38%
2021/11/22,614.5,626.6,628.1,611,19.45M,-3.41%
2021/11/19,636.2,649,654.3,633,19.02M,0.25%
2021/11/18,634.6,623.8,635.5,622.6,11.58M,1.03%
2021/11/17,628.1,639.6,641,625.2,13.84M,-1.97%
2021/11/16,640.7,642,652.9,640.1,14.73M,-1.25%
2021/11/15,648.8,638,649,635.5,20.54M,2.89%
2021/11/12,630.6,624,638.4,618.2,18.95M,0.78%
2021/11/11,625.7,634,637.1,622.2,24.93M,-1.31%
2021/11/10,634,615,638,610.3,56.45M,7.51%
2021/11/9,589.7,594.4,597.8,586.2,14.56M,-0.25%
2021/11/8,591.2,595.3,597.4,590.2,14.52M,0.36%
2021/11/5,589.1,610,612,587.1,16.86M,-2.58%
2021/11/4,604.7,600,607,595.6,12.25M,1.44%
2021/11/2,596.1,594.2,600.7,590.4,12.12M,0.93%
2021/11/1,590.6,585.1,591.5,581,11.23M,2.29%
2021/10/29,577.4,578.3,583,572.7,12.21M,-0.41%
2021/10/28,579.8,576.9,582.3,573.9,9.93M,-0.85%
2021/10/27,584.8,583.7,585.6,578.5,8.74M,-0.58%
2021/10/26,588.2,591.6,597.9,586.2,12.53M,1.54%
2021/10/25,579.3,585,585.9,576.7,10.68M,-1.35%
2021/10/22,587.2,589,593.7,583.3,12.57M,-1.39%
2021/10/21,595.5,608.5,611.9,595.5,13.01M,-1.41%
2021/10/20,604,598.1,608.7,597.4,17.15M,1.99%
2021/10/19,592.2,586.9,592.6,582.4,13.81M,0.41%
2021/10/18,589.8,590,598.6,589.1,16.35M,0.34%
2021/10/15,587.8,583.9,591.6,581.3,15.01M,1.27%
2021/10/14,580.4,571.3,581.7,563.6,14.75M,-0.14%
2021/10/13,581.2,578,585.5,575.1,16.89M,0.52%
2021/10/12,578.2,562.4,579.9,562.3,24.34M,2.45%
2021/10/11,564.4,542.4,568.5,541.6,24.81M,5.32%
2021/10/8,535.9,532.6,543.5,532.6,18.73M,2.13%
2021/10/7,524.7,520.9,528.2,516.5,13.58M,0.63%
2021/10/6,521.4,550.2,551.4,519.5,33.66M,-5.59%
2021/10/5,552.3,555.2,557,547.5,14.15M,-0.97%
2021/10/4,557.7,563.2,569.9,556.3,12.52M,0.43%
2021/10/1,555.3,552.1,560,548.8,14.88M,-1.21%
2021/9/30,562.1,570.1,573.1,560.6,17.69M,-0.78%
2021/9/29,566.5,568.6,571.2,558.2,13.88M,-1.10%
2021/9/28,572.8,574,576.4,566.6,13.80M,1.08%
2021/9/27,566.7,564,570.8,562.6,11.92M,1.40%
2021/9/24,558.9,561.1,565.3,556.8,15.36M,2.33%
2021/9/22,546.2,551,551.7,541.3,13.48M,-1.82%
2021/9/21,556.3,558,560.9,555.4,15.30M,-2.86%
2021/9/17,572.7,573.5,576.9,567.2,15.18M,0.25%
2021/9/16,571.3,571.4,577,566,10.84M,-0.19%
2021/9/15,572.4,570,572.9,568.6,8.88M,-1.07%
2021/9/14,578.6,575,584.6,574.1,16.27M,2.39%
2021/9/13,565.1,562,570.8,559,12.53M,-1.14%
2021/9/10,571.6,570.6,578,569.5,12.56M,-0.26%
2021/9/9,573.1,580,585.6,571.3,12.94M,-2.60%
2021/9/8,588.4,576.3,588.7,572.8,14.50M,2.38%
2021/9/7,574.7,576.4,577.6,566,13.22M,0.44%
2021/9/6,572.2,575.1,576.5,570,9.02M,0.46%
2021/9/3,569.6,561.4,570.7,561.4,13.14M,1.88%
2021/9/2,559.1,570.5,572.7,556.1,19.76M,-2.83%
2021/9/1,575.4,583.8,585.2,573.6,9.60M,-0.54%
2021/8/31,578.5,566,581.4,563.7,11.54M,-0.16%
2021/8/30,579.4,586.1,587.6,575.5,9.80M,1.81%
2021/8/27,569.1,557.6,569.1,555.6,10.15M,0.55%
2021/8/26,566,570.8,571.7,560.3,9.38M,-0.40%
2021/8/25,568.3,562.8,576.3,560.5,13.56M,1.52%
2021/8/24,559.8,546.3,562.8,546.3,14.44M,3.17%
2021/8/23,542.6,534.7,550,533.5,16.01M,3.41%
2021/8/20,524.7,555.7,562.6,521.6,33.27M,-7.25%
2021/8/19,565.7,575.6,578.1,565.7,10.94M,-2.63%
2021/8/18,581,579.9,584.1,574.4,9.63M,0.26%
2021/8/17,579.5,595,596,579.5,10.41M,-2.36%
2021/8/16,593.5,608.4,610.9,593.3,15.68M,-3.79%
2021/8/13,616.9,628,628,615.9,9.82M,-1.55%
2021/8/12,626.6,626,634,625.3,14.87M,1.23%
2021/8/11,619,615,619.8,610,11.09M,1.98%
2021/8/10,607,608.5,614,606.9,8.66M,0.15%
2021/8/6,606.1,606.1,610.6,600.6,9.02M,-0.10%
2021/8/5,606.7,617.4,619,605.5,11.14M,-2.16%
2021/8/4,620.1,619,628,618,12.02M,0.44%
2021/8/3,617.4,620,627.5,616.1,16.10M,-1.73%
2021/8/2,628.3,634.5,638,624,16.25M,-0.41%
2021/7/30,630.9,617.9,631.9,612.2,30.31M,0.48%
2021/7/29,627.9,630,650,624.5,62.77M,5.76%
2021/7/28,593.7,577.9,593.8,576.2,22.70M,3.88%
2021/7/27,571.5,564.5,573.9,559.7,15.11M,2.09%
2021/7/26,559.8,565,569.2,558.5,8.85M,0.76%
2021/7/21,555.6,556.6,566.5,554.7,15.18M,1.78%
2021/7/20,545.9,553,554.6,545.9,13.18M,-2.85%
2021/7/19,561.9,566.2,571.6,558.7,11.75M,-2.48%
2021/7/16,576.2,571.6,581.4,567,13.66M,1.66%
2021/7/15,566.8,570.2,574.3,566.5,10.48M,-2.31%
2021/7/14,580.2,583,588.7,578.9,13.31M,-1.18%
2021/7/13,587.1,589.9,591.2,582.8,11.62M,0.19%
2021/7/12,586,593.3,599.3,585.3,16.72M,1.72%
2021/7/9,576.1,568.6,577.8,560,16.26M,-0.43%
2021/7/8,578.6,584.3,588.9,575.5,12.80M,-0.96%
2021/7/7,584.2,578.4,586.6,574,19.46M,-1.90%
2021/7/6,595.5,579.5,596,579,20.41M,3.05%
2021/7/5,577.9,562.5,578.7,561.5,15.33M,1.81%
2021/7/2,567.6,555,570.6,552.2,17.94M,3.61%
2021/7/1,547.8,556.1,557.7,543.6,10.37M,-0.63%
2021/6/30,551.3,557.2,560.5,551.3,10.05M,-0.63%
2021/6/29,554.8,554.9,558.5,550.9,10.53M,-2.00%
2021/6/28,566.1,553.1,567.7,553.1,13.46M,2.44%
2021/6/25,552.6,548.4,553,545,8.86M,1.84%
2021/6/24,542.6,544,548.2,540.5,9.61M,0.71%
2021/6/23,538.8,539,541.2,533.5,7.75M,-0.72%
2021/6/22,542.7,538.2,545.2,535,14.34M,3.75%
2021/6/21,523.1,530.9,532,517.5,20.16M,-4.07%
2021/6/18,545.3,553.9,555,544.2,16.31M,-2.99%
2021/6/17,562.1,563.2,565.9,561.2,8.08M,0.54%
2021/6/16,559.1,564.8,568.3,559.1,8.47M,-0.69%
2021/6/15,563,553,563,551.8,10.63M,1.39%
2021/6/14,555.3,553.9,562.9,553.3,8.44M,1.18%
2021/6/11,548.8,550.5,550.8,541.2,14.96M,-1.42%
2021/6/10,556.7,551,558.2,550.5,7.87M,0.31%
2021/6/9,555,558.4,563.8,555,6.17M,-0.63%
2021/6/8,558.5,557.3,564.1,553.5,10.15M,0.07%
2021/6/7,558.1,564.5,571,552.2,11.68M,-2.29%
2021/6/4,571.2,566.7,571.4,563.1,11.79M,1.60%
2021/6/3,562.2,553.9,569.3,551.9,11.85M,1.50%
2021/6/2,553.9,546.1,556.2,544.8,9.99M,1.73%
2021/6/1,544.5,542.8,545.7,536.8,8.27M,1.00%
2021/5/31,539.1,549,550.6,537.5,12.05M,-2.57%
2021/5/28,553.3,546.7,555.7,545.1,15.33M,3.09%
2021/5/27,536.7,529,537.2,526.6,27.27M,1.84%
2021/5/26,527,530,536,526.2,11.61M,-1.01%
2021/5/25,532.4,536,536.5,529.5,8.41M,-0.08%
2021/5/24,532.8,531.2,538.2,531.2,9.90M,0.89%
2021/5/21,528.1,526.8,534.2,524,10.07M,-0.38%
2021/5/20,530.1,521.9,534.7,519.1,12.62M,1.47%
2021/5/19,522.4,527.4,530,522,18.23M,-3.19%
2021/5/18,539.6,541.7,550.8,538.1,14.42M,0.33%
2021/5/17,537.8,540.9,547.8,535.5,13.69M,0.64%
2021/5/14,534.4,526.8,540,522.5,15.85M,2.10%
2021/5/13,523.4,520.6,533.3,515,21.47M,0.56%
2021/5/12,520.5,538.6,540.1,501,52.88M,-10.04%
2021/5/11,578.6,574.1,583.2,571.7,17.37M,-0.65%
2021/5/10,582.4,563.7,583.2,563.2,15.81M,4.39%
2021/5/7,557.9,561.1,563.7,552.3,11.86M,-1.03%
2021/5/6,563.7,558.7,566.8,557.1,14.08M,2.92%
2021/4/30,547.7,552.8,555.5,544.1,16.66M,-0.62%
2021/4/28,551.1,555,557.6,548.1,11.99M,-0.68%
2021/4/27,554.9,553,561.9,550,11.86M,-0.07%
2021/4/26,555.3,554.9,558,550.6,8.59M,0.74%
2021/4/23,551.2,544.1,551.8,538.7,11.70M,0.22%
2021/4/22,550,554.4,555.3,545.3,12.43M,0.57%
2021/4/21,546.9,542,547.4,535.4,19.23M,-1.85%
2021/4/20,557.2,564.8,565,554.6,18.65M,-2.42%
2021/4/19,571,578,578,568.3,10.98M,-0.89%
2021/4/16,576.1,580.4,584.7,570.5,11.80M,-1.06%
2021/4/15,582.3,576.7,590.9,575.3,14.34M,1.39%
2021/4/14,574.3,571.4,576.2,568.7,10.88M,-0.42%
2021/4/13,576.7,577.3,582.8,572,10.70M,0.23%
2021/4/12,575.4,576.8,582.5,571.7,12.32M,0.31%
2021/4/9,573.6,574.6,588,571.9,16.68M,-0.12%
2021/4/8,574.3,574.6,575.5,560.3,17.51M,-0.67%
2021/4/7,578.2,580,587.5,572.6,16.48M,1.44%
2021/4/6,570,589,589.8,567.8,20.43M,-3.60%
2021/4/5,591.3,584.9,592.6,580.4,13.79M,2.02%
2021/4/2,579.6,593,595.2,579.4,20.38M,-1.88%
2021/4/1,590.7,620,621.5,587.5,22.26M,-4.09%
2021/3/31,615.9,616,629.9,613.8,19.20M,0.54%
2021/3/30,612.6,604.6,613.4,601.3,12.42M,1.41%
2021/3/29,604.1,612.7,614.5,597.7,14.56M,-0.15%
2021/3/26,605,602,618.5,602,18.17M,2.30%
2021/3/25,591.4,580.5,594.8,580.4,14.31M,1.77%
2021/3/24,581.1,596.7,600.5,579,21.75M,-4.01%
2021/3/23,605.4,604.4,619.7,603.4,17.91M,0.73%
2021/3/22,601,610,612.4,601,22.72M,-3.70%
2021/3/19,624.1,600,624.1,599.7,27.78M,3.14%
2021/3/18,605.1,603,605.7,595.4,19.10M,1.48%
2021/3/17,596.3,600,600.8,591.5,16.42M,-1.50%
2021/3/16,605.4,613.3,616.3,605.2,14.74M,-1.56%
2021/3/15,615,610,621.7,609.8,17.45M,1.57%
2021/3/12,605.5,610,610.1,595.3,19.24M,-0.87%
2021/3/11,610.8,607.3,618.5,603.8,16.53M,1.03%
2021/3/10,604.6,612.6,612.6,596.6,15.66M,-1.66%
2021/3/9,614.8,603.8,614.8,598.2,19.87M,3.54%
2021/3/8,593.8,610,615.7,591.7,17.81M,-1.72%
2021/3/5,604.2,597.4,607,585.7,18.09M,2.35%
2021/3/4,590.3,608.9,609.7,583.1,17.27M,-3.02%
2021/3/3,608.7,592.2,608.7,589.8,19.72M,4.16%
2021/3/2,584.4,589.2,592.1,578.2,12.26M,0.26%
2021/3/1,582.9,580.5,583,573.4,9.31M,1.43%
2021/2/26,574.7,580,585,572.1,17.94M,-1.93%
2021/2/25,586,603.6,604.8,585.3,14.73M,0.00%
2021/2/24,586,590,601.6,586,15.67M,-0.20%
2021/2/22,587.2,598.7,603.5,586.2,11.76M,-0.25%
2021/2/19,588.7,597.9,607,582.8,19.30M,-1.13%
2021/2/18,595.4,627.9,628.5,591.5,21.89M,-3.64%
2021/2/17,617.9,605,626,605,19.88M,2.56%
2021/2/16,602.5,613.8,618,591,26.07M,-1.21%
2021/2/15,609.9,629.1,647.6,601,36.87M,-2.84%
2021/2/12,627.7,650,652.7,620.2,32.61M,-3.87%
2021/2/10,653,610.2,664.5,610.2,42.89M,3.73%
2021/2/9,629.5,640,644.3,618.1,28.52M,-0.02%
2021/2/8,629.6,642.6,650,618.8,32.99M,1.09%
2021/2/5,622.8,589.3,626.8,588,45.09M,7.51%
2021/2/4,579.3,579,589.6,574.8,19.26M,0.68%
2021/2/3,575.4,560.1,582.7,559.8,26.53M,3.86%
2021/2/2,554,539.7,557.5,534.2,18.09M,2.52%
2021/2/1,540.4,530.7,543,530.1,11.89M,1.56%
2021/1/29,532.1,546.8,548.7,528,24.35M,-3.61%
2021/1/28,552,529,557.3,526.3,23.52M,1.83%
2021/1/27,542.1,541,542.4,535.3,11.63M,0.69%
2021/1/26,538.4,542.2,546,534.5,14.64M,-2.02%
2021/1/25,549.5,559.5,559.5,546.2,12.96M,-1.10%
2021/1/22,555.6,560.1,562.2,551.8,17.33M,-2.10%
2021/1/21,567.5,562,573.8,560.5,23.60M,2.03%
2021/1/20,556.2,542.7,556.8,536,22.91M,2.19%
2021/1/19,544.3,529.9,551,526.6,22.79M,3.91%
2021/1/18,523.8,527.4,532.3,520.2,12.86M,-1.67%
2021/1/15,532.7,541,541,528.7,19.15M,-1.13%
2021/1/14,538.8,526.6,541.4,518.4,23.24M,0.94%
2021/1/13,533.8,540,543.3,531.2,18.52M,-2.23%
2021/1/12,546,540.2,546.8,533.3,18.75M,0.35%
2021/1/8,544.1,550.3,552.3,535.1,29.72M,-1.61%
2021/1/7,553,566,570.6,552.5,22.15M,-0.23%
2021/1/6,554.3,541,555.4,540.7,21.76M,2.91%
2021/1/5,538.6,545,548.6,535,19.04M,-2.60%
2021/1/4,553,569,569,544.2,17.73M,-1.25%
2020/12/30,560,564.2,564.7,554.6,17.12M,-1.60%
2020/12/29,569.1,555.6,570.1,553.6,19.22M,3.14%
2020/12/28,551.8,556,561.3,546.5,14.95M,-0.61%
2020/12/25,555.2,551.6,564.2,551.1,13.26M,0.71%
2020/12/24,551.3,556,563.5,549.2,16.04M,1.85%
2020/12/23,541.3,558.1,559.7,535.5,23.02M,-3.11%
2020/12/22,558.7,552.6,569.3,551.7,20.13M,-0.69%
2020/12/21,562.6,580.1,582.4,551.7,30.51M,-3.43%
2020/12/18,582.6,570,586.5,565,20.89M,1.46%
2020/12/17,574.2,584.7,587.4,573.4,23.06M,-1.83%
2020/12/16,584.9,574,586.5,573,26.66M,3.19%
2020/12/15,566.8,558.2,571.4,553.1,20.54M,1.34%
2020/12/14,559.3,549,564.2,546.5,21.77M,0.94%
2020/12/11,554.1,557,566.8,544.4,25.83M,-1.28%
2020/12/10,561.3,567.8,578,558.5,32.08M,-2.23%
2020/12/9,574.1,530.1,576,530.1,42.39M,6.77%
2020/12/8,537.7,525.1,541.3,521.9,18.04M,0.96%
2020/12/7,532.6,550,555.2,527.3,28.46M,-1.64%
2020/12/4,541.5,524.9,541.9,524.2,26.98M,2.60%
2020/12/3,527.8,520.1,532.2,514.9,21.39M,2.86%
2020/12/2,513.1,506.5,514.3,498.4,21.19M,1.81%
2020/12/1,504,492.1,505.9,492,25.87M,2.34%
2020/11/30,492.5,514.8,514.9,491,45.36M,-4.78%
2020/11/27,517.2,527.3,528.7,510.2,29.19M,-1.97%
2020/11/26,527.6,533.5,542.2,521.8,35.09M,-1.97%
2020/11/25,538.2,522,547.6,521.7,64.41M,6.96%
2020/11/24,503.2,500,508.3,494.8,32.05M,3.58%
2020/11/20,485.8,472.7,485.8,471.2,21.61M,1.84%
2020/11/19,477,488.5,496,468,32.04M,-0.98%
2020/11/18,481.7,472.8,484.9,470.6,33.47M,1.37%
2020/11/17,475.2,479,484,473.1,39.32M,1.32%
2020/11/16,469,453.5,470,451.7,43.42M,5.44%
2020/11/13,444.8,411.6,446,411.5,64.14M,8.75%
2020/11/12,409,417.8,419,404.2,18.16M,-2.90%
2020/11/11,421.2,420,428.1,416.5,29.12M,2.48%
2020/11/10,411,399.1,416.1,398.9,41.98M,6.34%
2020/11/9,386.5,390.1,393,385.3,12.72M,0.10%
2020/11/6,386.1,383,389.3,380.3,17.01M,1.10%
2020/11/5,381.9,385.9,386.5,377.7,14.78M,-1.75%
2020/11/4,388.7,390,394.9,386.3,21.40M,2.02%
2020/11/2,381,371.3,381.8,370.2,18.32M,4.10%
2020/10/30,366,372.5,373.8,365.4,16.98M,-2.63%
2020/10/29,375.9,365.2,378.2,364.2,14.95M,0.48%
2020/10/28,374.1,380.1,381.1,373.1,13.05M,-2.76%
2020/10/27,384.7,389,389,381.9,14.66M,-1.61%
2020/10/26,391,386,391,385.3,10.46M,0.80%
2020/10/23,387.9,385,389.5,382.8,14.21M,1.97%
2020/10/22,380.4,380,382.6,376.4,11.22M,-1.35%
2020/10/21,385.6,371.6,385.6,371.1,19.82M,4.78%
2020/10/20,368,374.1,376.2,366.9,12.13M,-2.72%
2020/10/19,378.3,373.2,378.9,373,9.90M,1.72%
2020/10/16,371.9,379,379.3,371.8,10.13M,-1.25%
2020/10/15,376.6,372.3,378.2,371,10.72M,1.07%
2020/10/14,372.6,381.5,381.5,370.7,14.31M,-2.84%
2020/10/13,383.5,381.7,384.7,378.9,9.60M,0.66%
2020/10/12,381,380.9,385.2,377.9,10.30M,-0.13%
2020/10/9,381.5,386.1,389.2,379.8,11.51M,-0.91%
2020/10/8,385,392.1,394,385,12.63M,-1.81%
2020/10/7,392.1,385.1,392.1,381.2,11.70M,0.51%
2020/10/6,390.1,393,395.7,389.3,19.78M,0.85%
2020/10/5,386.8,380.9,388.8,380.2,18.11M,3.84%
2020/10/2,372.5,374,383.4,371.4,20.70M,0.19%
2020/9/30,371.8,373.7,382.3,371.2,21.15M,-3.50%
2020/9/29,385.3,380.1,388,380,19.62M,2.75%
2020/9/28,375,364.3,375,359.7,21.15M,3.14%
2020/9/25,363.6,369.8,369.9,360,26.28M,-0.38%
2020/9/24,365,368,369,364.8,18.59M,-1.88%
2020/9/23,372,377,378.3,368.1,27.91M,-3.15%
2020/9/18,384.1,381.3,386.5,380,18.72M,1.32%
2020/9/17,379.1,385.3,387.8,379,23.31M,-2.37%
2020/9/16,388.3,394,394.2,385.9,16.42M,-2.49%
2020/9/15,398.2,410,410,398.2,19.76M,-2.95%
2020/9/14,410.3,413.3,415.6,409.3,14.60M,-0.70%
2020/9/11,413.2,409,414.8,407.6,14.46M,-0.67%
2020/9/10,416,416.2,416.5,407.2,18.48M,0.60%
2020/9/9,413.5,411.6,414.8,409.7,15.93M,-1.78%
2020/9/8,421,422.7,424.1,416.3,13.58M,0.26%
2020/9/7,419.9,426,428.5,419.4,14.34M,-0.50%
2020/9/4,422,418,422,415.2,15.44M,-0.78%
2020/9/3,425.3,430.5,431.8,424.4,11.49M,0.52%
2020/9/2,423.1,432.5,434,420,14.73M,-1.76%
2020/9/1,430.7,430,434.7,424.4,12.61M,-0.19%
2020/8/31,431.5,439.3,444,431.5,18.94M,-0.35%
2020/8/28,433,427.6,444.4,426.3,35.25M,2.56%
2020/8/27,422.2,429.3,429.3,421,11.29M,-2.22%
2020/8/26,431.8,429.7,434,426.6,13.95M,0.65%
2020/8/25,429,428.8,434.2,426.5,19.46M,2.75%
2020/8/24,417.5,421.1,422.9,416.6,8.76M,-0.48%
2020/8/21,419.5,422.1,431.2,418.9,18.65M,0.84%
2020/8/20,416,416,425,415.3,13.29M,-1.14%
2020/8/19,420.8,412.5,420.8,409.7,12.35M,0.96%
2020/8/18,416.8,417,422.4,413,13.63M,-1.07%
2020/8/17,421.3,417.1,426.9,415.6,15.65M,1.15%
2020/8/14,416.5,416.5,418.5,413.5,12.00M,0.10%
2020/8/13,416.1,419.3,424.7,415.3,22.80M,0.53%
2020/8/12,413.9,408.5,418.2,406.8,21.50M,1.87%
2020/8/11,406.3,398.8,407.6,396,21.76M,6.36%
2020/8/7,382,375,386,373.8,16.56M,0.55%
2020/8/6,379.9,384.1,387.4,378.2,17.09M,-2.14%
2020/8/5,388.2,380.1,393.3,379.4,19.02M,-1.77%
2020/8/4,395.2,377,396.5,375.6,24.68M,6.61%
2020/8/3,370.7,369,377.1,367,22.69M,2.69%
2020/7/31,361,371.3,371.4,361,34.93M,-3.22%
2020/7/30,373,376.1,379.8,361.7,33.64M,1.33%
2020/7/29,368.1,386.8,393.6,368,56.72M,-10.39%
2020/7/28,410.8,420.6,421.3,408.9,31.23M,-4.33%
2020/7/27,429.4,419.8,430.6,414.1,24.90M,1.23%
2020/7/22,424.2,427,432.7,423.7,13.90M,-0.28%
2020/7/21,425.4,421.3,427.8,418.4,16.03M,-0.21%
2020/7/20,426.3,438,438.1,424.6,20.60M,-3.00%
2020/7/17,439.5,447,452.2,438.2,34.08M,-1.01%
2020/7/16,444,424,446,423.3,60.50M,6.07%
2020/7/15,418.6,409,423.6,407,45.75M,7.25%
2020/7/14,390.3,387.5,393.5,382.7,14.68M,-0.36%
2020/7/13,391.7,385,392.6,382.1,21.41M,4.51%
2020/7/10,374.8,379.5,380.4,372.6,20.68M,-2.27%
2020/7/9,383.5,391.6,395,382.1,19.23M,-1.97%
2020/7/8,391.2,393.1,399.8,388.9,19.06M,-1.91%
2020/7/7,398.8,406.5,409,395.7,23.07M,-3.74%
2020/7/6,414.3,399,416,397,23.04M,5.15%
2020/7/3,394,404.5,405,388.5,16.90M,-1.13%
2020/7/2,398.5,393,404.9,390.4,19.21M,1.48%
2020/7/1,392.7,398.6,401.5,391.3,16.18M,-1.63%
2020/6/30,399.2,403.5,409,398.6,20.13M,1.14%
2020/6/29,394.7,400.4,401.4,392.1,21.46M,-3.40%
2020/6/26,408.6,411,411.8,404.4,19.56M,0.91%
2020/6/25,404.9,407.4,411.3,402.1,26.53M,-3.04%
2020/6/24,417.6,423,425.7,417.5,17.74M,-1.28%
2020/6/23,423,421.3,427.7,414.9,22.75M,1.71%
2020/6/22,415.9,416,421,414.6,14.75M,-0.93%
2020/6/19,419.8,429.1,429.6,419.5,28.45M,-0.69%
2020/6/18,422.7,422.1,424.6,417.3,22.27M,-1.72%
2020/6/17,430.1,434,436.9,424.8,22.03M,-2.49%
2020/6/16,441.1,422.2,444,422.2,32.79M,8.03%
2020/6/15,408.3,415.8,425.9,408.3,23.65M,-3.27%
2020/6/12,422.1,405,429.1,402.3,45.63M,-0.21%
2020/6/11,423,440,448.4,423,41.83M,-8.82%
2020/6/10,463.9,454.1,467.4,452.5,21.68M,-0.04%
2020/6/9,464.1,480.1,484,458,37.99M,-4.82%
2020/6/8,487.6,469,491,465.3,47.08M,7.83%
2020/6/5,452.2,432,452.3,431.1,30.68M,4.77%
2020/6/4,431.6,452,454.1,426.5,40.18M,-2.13%
2020/6/3,441,422.7,442.5,422.3,40.63M,7.48%
2020/6/2,410.3,411.9,415.5,408,22.45M,-0.39%
2020/6/1,411.9,405.1,418.7,403.1,28.61M,2.74%
2020/5/29,400.9,421,428.5,400.5,62.72M,-10.79%
2020/5/28,449.4,440,457.7,432,54.65M,8.16%
2020/5/27,415.5,399.6,416.8,392.8,28.37M,5.51%
2020/5/26,393.8,379,397.6,375.5,26.76M,5.10%
2020/5/25,374.7,380,381.5,373,12.58M,0.46%
2020/5/22,373,384,388.3,370.3,17.16M,-2.51%
2020/5/21,382.6,388.1,391.7,381.8,13.47M,0.42%
2020/5/20,381,383,385.5,376.8,16.95M,-1.01%
2020/5/19,384.9,380.4,387.2,380.4,24.02M,5.45%
2020/5/18,365,370,370.5,364,11.62M,-1.22%
2020/5/15,369.5,369,377,364.6,22.61M,3.88%
2020/5/14,355.7,355,365,353.1,15.48M,-2.06%
2020/5/13,363.2,361,369.5,359,15.97M,-2.58%
2020/5/12,372.8,375,377.6,368.9,18.46M,-1.89%
2020/5/11,380,355.1,380,354.8,23.98M,9.32%
2020/5/8,347.6,337.3,348,334.7,17.92M,4.20%
2020/5/7,333.6,340.3,341.7,331.3,21.94M,-4.22%
2020/5/1,348.3,364.3,364.3,345.4,21.77M,-5.81%
2020/4/30,369.8,380,386.4,369.8,26.18M,0.65%
2020/4/28,367.4,362.8,370.3,358,15.98M,1.91%
2020/4/27,360.5,349,360.5,345.7,15.60M,3.95%
2020/4/24,346.8,347.3,349.9,340.7,20.46M,-1.42%
2020/4/23,351.8,340.8,352.7,339,18.00M,4.27%
2020/4/22,337.4,350,350.4,336.5,19.88M,-4.88%
2020/4/21,354.7,360.1,366.9,354.3,16.18M,-3.14%
2020/4/20,366.2,361.2,369.4,360.8,11.71M,0.41%
2020/4/17,364.7,361.5,372.1,358.9,25.20M,2.96%
2020/4/16,354.2,358.6,359,351.6,18.63M,-4.06%
2020/4/15,369.2,373.6,375.5,367.3,15.94M,-1.96%
2020/4/14,376.6,366.1,380.5,361.3,16.69M,2.06%
2020/4/13,369,370.1,375.9,364.7,13.98M,-1.52%
2020/4/10,374.7,363.1,374.8,357.7,18.45M,3.08%
2020/4/9,363.5,357.1,363.5,353,21.35M,1.42%
2020/4/8,358.4,350,359,339,26.20M,3.37%
2020/4/7,346.7,350,353,335,26.89M,1.55%
2020/4/6,341.4,314.6,347.7,311.2,28.68M,8.21%
2020/4/3,315.5,320.2,329.4,315.4,28.92M,-2.44%
2020/4/2,323.4,332,332.6,322,32.11M,-5.55%
2020/4/1,342.4,357.9,363.5,340,31.25M,-3.98%
2020/3/31,356.6,380,380.5,356.6,31.87M,-7.35%
2020/3/30,384.9,378.4,385.2,374.2,23.60M,-0.39%
2020/3/27,386.4,386,391.4,374,29.12M,1.58%
2020/3/26,380.4,390,392.6,372.3,28.15M,-5.16%
2020/3/25,401.1,382.8,401.1,377.7,28.19M,9.35%
2020/3/24,366.8,376.9,381.1,360.4,30.62M,0.38%
2020/3/23,365.4,382.3,389.8,361.8,33.58M,-6.38%
2020/3/19,390.3,395.4,415,380.7,33.66M,1.38%
2020/3/18,385,374.8,401.4,373,40.69M,1.80%
2020/3/17,378.2,361.3,382.1,356.2,30.42M,2.41%
2020/3/16,369.3,385.4,389.5,368.8,29.00M,-3.50%
2020/3/13,382.7,367.1,400,360,50.53M,-1.97%
2020/3/12,390.4,397.8,400.6,382,30.85M,-3.22%
2020/3/11,403.4,407,421,402.5,28.37M,0.88%
2020/3/10,399.9,382.4,403.2,372,37.89M,2.75%
2020/3/9,389.2,400,402.7,387,33.59M,-8.23%
2020/3/6,424.1,437,439.9,422,21.74M,-4.78%
2020/3/5,445.4,450.2,451.4,441.1,15.27M,-0.71%
2020/3/4,448.6,440.3,454.5,436.3,20.19M,1.24%
2020/3/3,443.1,466.4,467.8,443.1,26.60M,-3.78%
2020/3/2,460.5,453.9,470.8,443.8,24.80M,-0.67%
2020/2/28,463.6,454.3,464.7,453,29.12M,-1.42%
2020/2/27,470.3,470.9,475.9,469.1,19.64M,-2.39%
2020/2/26,481.8,473.4,482.8,471.3,19.07M,0.08%
2020/2/25,481.4,484.9,487.9,480.3,21.73M,-4.50%
2020/2/21,504.1,502.7,508.1,501.5,15.83M,-0.06%
2020/2/20,504.4,509.4,514.1,501.4,18.19M,-0.04%
2020/2/19,504.6,496.5,509.4,496,20.46M,2.00%
2020/2/18,494.7,500,503.3,492,24.39M,-1.61%
2020/2/17,502.8,505,506.5,498,25.27M,-2.12%
2020/2/14,513.7,528.5,534.9,511,46.84M,-9.64%
2020/2/13,568.5,570.4,572.7,564.3,16.15M,-1.54%
2020/2/12,577.4,587,587,577,13.38M,-1.69%
2020/2/10,587.3,588,591.4,584.5,7.79M,-1.48%
2020/2/7,596.1,604,605.7,595.1,11.16M,-1.31%
2020/2/6,604,601.6,607.6,601.4,13.52M,1.92%
2020/2/5,592.6,593.2,596.5,590,10.43M,0.85%
2020/2/4,587.6,586.9,589.4,582.8,10.06M,-0.41%
2020/2/3,590,589.9,593.5,586,10.27M,-1.58%
2020/1/31,599.5,598.2,602.6,597.7,8.56M,0.23%
2020/1/30,598.1,597.4,600.3,593.8,8.35M,-0.28%
2020/1/29,599.8,598.9,600.8,594.5,8.66M,0.10%
2020/1/28,599.2,597,601.4,589,14.67M,0.25%
2020/1/27,597.7,609.1,609.1,597,21.02M,-3.00%
2020/1/24,616.2,620,620.7,616,8.84M,-0.87%
2020/1/23,621.6,629,630.4,621.3,8.63M,-1.57%
2020/1/22,631.5,631,633.3,627.3,8.15M,-0.46%
2020/1/21,634.4,639,641.2,633.5,6.75M,-0.49%
2020/1/20,637.5,638,641,636.4,5.21M,0.43%
2020/1/17,634.8,627,635,626.6,9.56M,1.52%
2020/1/16,625.3,626.1,630.5,624.3,8.39M,-0.35%
2020/1/15,627.5,620,629.2,618.6,12.50M,1.54%
2020/1/14,618,630,630.4,617.8,22.55M,-2.97%
2020/1/10,636.9,644.3,646.2,636.7,12.05M,-1.15%
2020/1/9,644.3,640,646.2,637,13.16M,2.27%
2020/1/8,630,630,634.8,623.8,14.80M,-1.02%
2020/1/7,636.5,630.1,638.3,630,12.45M,1.76%
2020/1/6,625.5,630.7,632,619.5,17.48M,-1.67%
